Mach,mode,real,imag,wn,wd,zeta
0.010000,Phugoid,0.058572,0.149992,0.161023,0.149992,-0.363753
0.010000,Phugoid,0.058572,-0.149992,0.161023,0.149992,-0.363753
0.010000,Phugoid,-0.055928,0.136292,0.147321,0.136292,0.379637
0.010000,Phugoid,-0.055928,-0.136292,0.147321,0.136292,0.379637
0.010000,Dutch Roll,-0.001769,0.058295,0.058322,0.058295,0.030325
0.010000,Dutch Roll,-0.001769,-0.058295,0.058322,0.058295,0.030325
0.010000,Spiral,0.018338,0.000000,0.018338,0.000000,-1.000000
0.010000,Spiral,-0.006068,0.000000,0.006068,0.000000,1.000000
0.020000,Real Mode,0.390601,0.000000,0.390601,0.000000,-1.000000
0.020000,Real Mode,-0.292593,0.000000,0.292593,0.000000,1.000000
0.020000,Phugoid,-0.000567,0.120934,0.120935,0.120934,0.004689
0.020000,Phugoid,-0.000567,-0.120934,0.120935,0.120934,0.004689
0.020000,Dutch Roll,0.031530,0.107948,0.112459,0.107948,-0.280369
0.020000,Dutch Roll,0.031530,-0.107948,0.112459,0.107948,-0.280369
0.020000,Spiral,-0.026818,0.000000,0.026818,0.000000,1.000000
0.020000,Spiral,0.025841,0.000000,0.025841,0.000000,-1.000000
0.030000,Phugoid,-0.001871,0.012241,0.012383,0.012241,0.151111
0.030000,Phugoid,-0.001871,-0.012241,0.012383,0.012241,0.151111
0.030000,Real Mode,-0.823523,0.000000,0.823523,0.000000,1.000000
0.030000,Real Mode,-0.001062,0.000000,0.001062,0.000000,1.000000
0.030000,Dutch Roll,6.516296,30.507236,31.195409,30.507236,-0.208886
0.030000,Dutch Roll,6.516296,-30.507236,31.195409,30.507236,-0.208886
0.030000,Spiral,0.059072,0.000000,0.059072,0.000000,-1.000000
0.030000,Spiral,-0.047551,0.000000,0.047551,0.000000,1.000000
0.040000,Real Mode,1.406059,0.000000,1.406059,0.000000,-1.000000
0.040000,Real Mode,-0.493221,0.000000,0.493221,0.000000,1.000000
0.040000,Phugoid,0.041326,0.109106,0.116670,0.109106,-0.354210
0.040000,Phugoid,0.041326,-0.109106,0.116670,0.109106,-0.354210
0.040000,Spiral,0.572581,0.000000,0.572581,0.000000,-1.000000
0.040000,Spiral,-0.129978,0.000000,0.129978,0.000000,1.000000
0.040000,Spiral,0.134396,0.000000,0.134396,0.000000,-1.000000
0.040000,Spiral,0.000792,0.000000,0.000792,0.000000,-1.000000
0.050000,Phugoid,-0.153572,0.136193,0.205263,0.136193,0.748172
0.050000,Phugoid,-0.153572,-0.136193,0.205263,0.136193,0.748172
0.050000,Real Mode,-0.670867,0.000000,0.670867,0.000000,1.000000
0.050000,Real Mode,0.074185,0.000000,0.074185,0.000000,-1.000000
0.050000,Dutch Roll,-0.084983,0.382635,0.391959,0.382635,0.216817
0.050000,Dutch Roll,-0.084983,-0.382635,0.391959,0.382635,0.216817
0.050000,Spiral,-0.082389,0.000000,0.082389,0.000000,1.000000
0.050000,Spiral,0.015608,0.000000,0.015608,0.000000,-1.000000
0.060000,Real Mode,1.263571,0.000000,1.263571,0.000000,-1.000000
0.060000,Real Mode,-0.270061,0.000000,0.270061,0.000000,1.000000
0.060000,Phugoid,0.024761,0.107596,0.110408,0.107596,-0.224267
0.060000,Phugoid,0.024761,-0.107596,0.110408,0.107596,-0.224267
0.060000,Dutch Roll,0.101602,0.363494,0.377426,0.363494,-0.269196
0.060000,Dutch Roll,0.101602,-0.363494,0.377426,0.363494,-0.269196
0.060000,Spiral,-0.057569,0.000000,0.057569,0.000000,1.000000
0.060000,Spiral,0.043802,0.000000,0.043802,0.000000,-1.000000
0.070000,Phugoid,0.000461,0.031022,0.031025,0.031022,-0.014857
0.070000,Phugoid,0.000461,-0.031022,0.031025,0.031022,-0.014857
0.070000,Real Mode,-1.921977,0.000000,1.921977,0.000000,1.000000
0.070000,Real Mode,-0.011502,0.000000,0.011502,0.000000,1.000000
0.070000,Dutch Roll,2.883441,31.612634,31.743863,31.612634,-0.090835
0.070000,Dutch Roll,2.883441,-31.612634,31.743863,31.612634,-0.090835
0.070000,Spiral,-0.043848,0.000000,0.043848,0.000000,1.000000
0.070000,Spiral,0.065709,0.000000,0.065709,0.000000,-1.000000
0.080000,Phugoid,-0.003724,0.033508,0.033715,0.033508,0.110470
0.080000,Phugoid,-0.003724,-0.033508,0.033715,0.033508,0.110470
0.080000,Real Mode,-2.196236,0.000000,2.196236,0.000000,1.000000
0.080000,Real Mode,-0.005051,0.000000,0.005051,0.000000,1.000000
0.080000,Dutch Roll,2.559665,31.886747,31.989318,31.886747,-0.080016
0.080000,Dutch Roll,2.559665,-31.886747,31.989318,31.886747,-0.080016
0.080000,Spiral,-0.042951,0.000000,0.042951,0.000000,1.000000
0.080000,Spiral,0.067683,0.000000,0.067683,0.000000,-1.000000
0.090000,Real Mode,1.540523,0.000000,1.540523,0.000000,-1.000000
0.090000,Real Mode,-0.224011,0.000000,0.224011,0.000000,1.000000
0.090000,Phugoid,0.018056,0.103046,0.104616,0.103046,-0.172594
0.090000,Phugoid,0.018056,-0.103046,0.104616,0.103046,-0.172594
0.090000,Dutch Roll,0.028208,1.105996,1.106355,1.105996,-0.025496
0.090000,Dutch Roll,0.028208,-1.105996,1.106355,1.105996,-0.025496
0.090000,Spiral,-0.041364,0.000000,0.041364,0.000000,1.000000
0.090000,Spiral,0.066479,0.000000,0.066479,0.000000,-1.000000
0.100000,Real Mode,1.506490,0.000000,1.506490,0.000000,-1.000000
0.100000,Real Mode,-0.213871,0.000000,0.213871,0.000000,1.000000
0.100000,Phugoid,0.011321,0.104262,0.104875,0.104262,-0.107943
0.100000,Phugoid,0.011321,-0.104262,0.104875,0.104262,-0.107943
0.100000,Dutch Roll,0.009644,1.595851,1.595880,1.595851,-0.006043
0.100000,Dutch Roll,0.009644,-1.595851,1.595880,1.595851,-0.006043
0.100000,Spiral,-0.041290,0.000000,0.041290,0.000000,1.000000
0.100000,Spiral,0.071419,0.000000,0.071419,0.000000,-1.000000
0.110000,Real Mode,1.646468,0.000000,1.646468,0.000000,-1.000000
0.110000,Real Mode,-0.204043,0.000000,0.204043,0.000000,1.000000
0.110000,Phugoid,0.010375,0.101988,0.102514,0.101988,-0.101203
0.110000,Phugoid,0.010375,-0.101988,0.102514,0.101988,-0.101203
0.110000,Dutch Roll,0.002397,1.926551,1.926552,1.926551,-0.001244
0.110000,Dutch Roll,0.002397,-1.926551,1.926552,1.926551,-0.001244
0.110000,Spiral,-0.043522,0.000000,0.043522,0.000000,1.000000
0.110000,Spiral,0.076636,0.000000,0.076636,0.000000,-1.000000
0.120000,Real Mode,1.907923,0.000000,1.907923,0.000000,-1.000000
0.120000,Real Mode,-0.194573,0.000000,0.194573,0.000000,1.000000
0.120000,Phugoid,0.013733,0.097412,0.098375,0.097412,-0.139601
0.120000,Phugoid,0.013733,-0.097412,0.098375,0.097412,-0.139601
0.120000,Dutch Roll,0.000793,2.135135,2.135136,2.135135,-0.000371
0.120000,Dutch Roll,0.000793,-2.135135,2.135136,2.135135,-0.000371
0.120000,Spiral,-0.045779,0.000000,0.045779,0.000000,1.000000
0.120000,Spiral,0.077098,0.000000,0.077098,0.000000,-1.000000
0.130000,Real Mode,-0.183989,0.000000,0.183989,0.000000,1.000000
0.130000,Phugoid,0.019755,0.088953,0.091121,0.088953,-0.216796
0.130000,Phugoid,0.019755,-0.088953,0.091121,0.088953,-0.216796
0.130000,Real Mode,2.342210,0.000000,2.342210,0.000000,-1.000000
0.130000,Dutch Roll,-0.003281,2.072637,2.072640,2.072637,0.001583
0.130000,Dutch Roll,-0.003281,-2.072637,2.072640,2.072637,0.001583
0.130000,Spiral,-0.048739,0.000000,0.048739,0.000000,1.000000
0.130000,Spiral,0.085363,0.000000,0.085363,0.000000,-1.000000
0.140000,Real Mode,3.084525,0.000000,3.084525,0.000000,-1.000000
0.140000,Real Mode,-0.191824,0.000000,0.191824,0.000000,1.000000
0.140000,Phugoid,0.040726,0.074207,0.084648,0.074207,-0.481120
0.140000,Phugoid,0.040726,-0.074207,0.084648,0.074207,-0.481120
0.140000,Dutch Roll,0.011227,1.590819,1.590858,1.590819,-0.007057
0.140000,Dutch Roll,0.011227,-1.590819,1.590858,1.590819,-0.007057
0.140000,Spiral,-0.047511,0.000000,0.047511,0.000000,1.000000
0.140000,Spiral,0.078874,0.000000,0.078874,0.000000,-1.000000
0.150000,Real Mode,3.510741,0.000000,3.510741,0.000000,-1.000000
0.150000,Real Mode,-0.197730,0.000000,0.197730,0.000000,1.000000
0.150000,Phugoid,0.049765,0.065617,0.082354,0.065617,-0.604282
0.150000,Phugoid,0.049765,-0.065617,0.082354,0.065617,-0.604282
0.150000,Dutch Roll,0.010759,1.467308,1.467347,1.467308,-0.007332
0.150000,Dutch Roll,0.010759,-1.467308,1.467347,1.467308,-0.007332
0.150000,Spiral,-0.047308,0.000000,0.047308,0.000000,1.000000
0.150000,Spiral,0.079636,0.000000,0.079636,0.000000,-1.000000
0.160000,Real Mode,4.120504,0.000000,4.120504,0.000000,-1.000000
0.160000,Real Mode,-0.260665,0.000000,0.260665,0.000000,1.000000
0.160000,Phugoid,0.075038,0.040275,0.085163,0.040275,-0.881105
0.160000,Phugoid,0.075038,-0.040275,0.085163,0.040275,-0.881105
0.160000,Dutch Roll,0.028468,0.794960,0.795470,0.794960,-0.035787
0.160000,Dutch Roll,0.028468,-0.794960,0.795470,0.794960,-0.035787
0.160000,Spiral,-0.055568,0.000000,0.055568,0.000000,1.000000
0.160000,Spiral,0.079349,0.000000,0.079349,0.000000,-1.000000
0.170000,Real Mode,4.502071,0.000000,4.502071,0.000000,-1.000000
0.170000,Real Mode,-0.325405,0.000000,0.325405,0.000000,1.000000
0.170000,Real Mode,0.115352,0.000000,0.115352,0.000000,-1.000000
0.170000,Real Mode,0.067675,0.000000,0.067675,0.000000,-1.000000
0.170000,Dutch Roll,0.039756,0.524394,0.525899,0.524394,-0.075595
0.170000,Dutch Roll,0.039756,-0.524394,0.525899,0.524394,-0.075595
0.170000,Spiral,-0.078505,0.000000,0.078505,0.000000,1.000000
0.170000,Spiral,0.080510,0.000000,0.080510,0.000000,-1.000000
0.180000,Phugoid,-0.014056,0.074934,0.076241,0.074934,0.184367
0.180000,Phugoid,-0.014056,-0.074934,0.076241,0.074934,0.184367
0.180000,Real Mode,-4.940384,0.000000,4.940384,0.000000,1.000000
0.180000,Real Mode,-0.001195,0.000000,0.001195,0.000000,1.000000
0.180000,Dutch Roll,3.479128,55.630677,55.739363,55.630677,-0.062418
0.180000,Dutch Roll,3.479128,-55.630677,55.739363,55.630677,-0.062418
0.180000,Dutch Roll,-0.034379,0.045986,0.057416,0.045986,0.598767
0.180000,Dutch Roll,-0.034379,-0.045986,0.057416,0.045986,0.598767
0.190000,Phugoid,-0.015042,0.078577,0.080004,0.078577,0.188021
0.190000,Phugoid,-0.015042,-0.078577,0.080004,0.078577,0.188021
0.190000,Real Mode,-5.215207,0.000000,5.215207,0.000000,1.000000
0.190000,Real Mode,-0.000658,0.000000,0.000658,0.000000,1.000000
0.190000,Dutch Roll,4.851564,67.451171,67.625425,67.451171,-0.071742
0.190000,Dutch Roll,4.851564,-67.451171,67.625425,67.451171,-0.071742
0.190000,Dutch Roll,-0.036445,0.045248,0.058100,0.045248,0.627274
0.190000,Dutch Roll,-0.036445,-0.045248,0.058100,0.045248,0.627274
0.200000,Phugoid,-0.015841,0.082852,0.084353,0.082852,0.187791
0.200000,Phugoid,-0.015841,-0.082852,0.084353,0.082852,0.187791
0.200000,Real Mode,-5.489529,0.000000,5.489529,0.000000,1.000000
0.200000,Real Mode,-0.000729,0.000000,0.000729,0.000000,1.000000
0.200000,Dutch Roll,3.211882,56.366339,56.457775,56.366339,-0.056890
0.200000,Dutch Roll,3.211882,-56.366339,56.457775,56.366339,-0.056890
0.200000,Dutch Roll,-0.038160,0.044094,0.058314,0.044094,0.654397
0.200000,Dutch Roll,-0.038160,-0.044094,0.058314,0.044094,0.654397
0.210000,Phugoid,-0.016642,0.087141,0.088716,0.087141,0.187589
0.210000,Phugoid,-0.016642,-0.087141,0.088716,0.087141,0.187589
0.210000,Real Mode,-5.763882,0.000000,5.763882,0.000000,1.000000
0.210000,Real Mode,-0.000802,0.000000,0.000802,0.000000,1.000000
0.210000,Dutch Roll,3.097036,56.731603,56.816076,56.731603,-0.054510
0.210000,Dutch Roll,3.097036,-56.731603,56.816076,56.731603,-0.054510
0.210000,Dutch Roll,-0.040026,0.043023,0.058763,0.043023,0.681143
0.210000,Dutch Roll,-0.040026,-0.043023,0.058763,0.043023,0.681143
0.220000,Phugoid,-0.017638,0.090244,0.091952,0.090244,0.191818
0.220000,Phugoid,-0.017638,-0.090244,0.091952,0.090244,0.191818
0.220000,Real Mode,-6.039067,0.000000,6.039067,0.000000,1.000000
0.220000,Real Mode,-0.000049,0.000000,0.000049,0.000000,1.000000
0.220000,Dutch Roll,5.227956,75.351827,75.532969,75.351827,-0.069214
0.220000,Dutch Roll,5.227956,-75.351827,75.532969,75.351827,-0.069214
0.220000,Dutch Roll,-0.042239,0.042262,0.059751,0.042262,0.706911
0.220000,Dutch Roll,-0.042239,-0.042262,0.059751,0.042262,0.706911
0.230000,Real Mode,5.958639,0.000000,5.958639,0.000000,-1.000000
0.230000,Real Mode,-0.215847,0.000000,0.215847,0.000000,1.000000
0.230000,Real Mode,0.096132,0.000000,0.096132,0.000000,-1.000000
0.230000,Real Mode,0.058832,0.000000,0.058832,0.000000,-1.000000
0.230000,Dutch Roll,-0.053598,1.594261,1.595162,1.594261,0.033600
0.230000,Dutch Roll,-0.053598,-1.594261,1.595162,1.594261,0.033600
0.230000,Spiral,-0.038825,0.000000,0.038825,0.000000,1.000000
0.230000,Spiral,0.113253,0.000000,0.113253,0.000000,-1.000000
0.240000,Real Mode,6.283272,0.000000,6.283272,0.000000,-1.000000
0.240000,Real Mode,-0.251048,0.000000,0.251048,0.000000,1.000000
0.240000,Real Mode,0.132643,0.000000,0.132643,0.000000,-1.000000
0.240000,Real Mode,0.045310,0.000000,0.045310,0.000000,-1.000000
0.240000,Dutch Roll,-0.056432,1.378898,1.380052,1.378898,0.040892
0.240000,Dutch Roll,-0.056432,-1.378898,1.380052,1.378898,0.040892
0.240000,Spiral,-0.036552,0.000000,0.036552,0.000000,1.000000
0.240000,Spiral,0.123775,0.000000,0.123775,0.000000,-1.000000
0.250000,Real Mode,6.329377,0.000000,6.329377,0.000000,-1.000000
0.250000,Real Mode,-0.132480,0.000000,0.132480,0.000000,1.000000
0.250000,Phugoid,0.049867,0.047957,0.069185,0.047957,-0.720779
0.250000,Phugoid,0.049867,-0.047957,0.069185,0.047957,-0.720779
0.250000,Dutch Roll,-0.117105,2.981253,2.983552,2.981253,0.039250
0.250000,Dutch Roll,-0.117105,-2.981253,2.983552,2.981253,0.039250
0.250000,Spiral,-0.048432,0.000000,0.048432,0.000000,1.000000
0.250000,Spiral,0.111161,0.000000,0.111161,0.000000,-1.000000
0.260000,Real Mode,6.286758,0.000000,6.286758,0.000000,-1.000000
0.260000,Phugoid,0.019463,0.068622,0.071328,0.068622,-0.272861
0.260000,Phugoid,0.019463,-0.068622,0.071328,0.068622,-0.272861
0.260000,Real Mode,-0.073468,0.000000,0.073468,0.000000,1.000000
0.260000,Dutch Roll,-0.216476,4.634131,4.639185,4.634131,0.046662
0.260000,Dutch Roll,-0.216476,-4.634131,4.639185,4.634131,0.046662
0.260000,Spiral,-0.082451,0.000000,0.082451,0.000000,1.000000
0.260000,Spiral,0.114021,0.000000,0.114021,0.000000,-1.000000
0.270000,Real Mode,5.133260,0.000000,5.133260,0.000000,-1.000000
0.270000,Phugoid,-0.018313,0.110771,0.112275,0.110771,0.163111
0.270000,Phugoid,-0.018313,-0.110771,0.112275,0.110771,0.163111
0.270000,Real Mode,-0.084648,0.000000,0.084648,0.000000,1.000000
0.270000,Dutch Roll,-0.297385,4.129853,4.140547,4.129853,0.071823
0.270000,Dutch Roll,-0.297385,-4.129853,4.140547,4.129853,0.071823
0.270000,Spiral,-0.389718,0.000000,0.389718,0.000000,1.000000
0.270000,Spiral,0.397102,0.000000,0.397102,0.000000,-1.000000
0.280000,Real Mode,7.662942,0.000000,7.662942,0.000000,-1.000000
0.280000,Phugoid,0.023337,0.134102,0.136118,0.134102,-0.171450
0.280000,Phugoid,0.023337,-0.134102,0.136118,0.134102,-0.171450
0.280000,Real Mode,0.027399,0.000000,0.027399,0.000000,-1.000000
0.280000,Roll,-2.500162,0.000000,2.500162,0.000000,1.000000
0.280000,Dutch Roll,0.430826,1.456423,1.518808,1.456423,-0.283660
0.280000,Dutch Roll,0.430826,-1.456423,1.518808,1.456423,-0.283660
0.280000,Spiral,0.543407,0.000000,0.543407,0.000000,-1.000000
0.290000,Phugoid,-0.022337,0.118407,0.120496,0.118407,0.185375
0.290000,Phugoid,-0.022337,-0.118407,0.120496,0.118407,0.185375
0.290000,Real Mode,-7.952331,0.000000,7.952331,0.000000,1.000000
0.290000,Real Mode,0.000039,0.000000,0.000039,0.000000,-1.000000
0.290000,Dutch Roll,0.039860,21.775113,21.775149,21.775113,-0.001831
0.290000,Dutch Roll,0.039860,-21.775113,21.775149,21.775113,-0.001831
0.290000,Spiral,-0.068328,0.000000,0.068328,0.000000,1.000000
0.290000,Spiral,-0.024489,0.000000,0.024489,0.000000,1.000000
0.300000,Phugoid,-0.024068,0.122986,0.125319,0.122986,0.192056
0.300000,Phugoid,-0.024068,-0.122986,0.125319,0.122986,0.192056
0.300000,Real Mode,-8.235137,0.000000,8.235137,0.000000,1.000000
0.300000,Real Mode,0.000000,0.000000,0.000000,0.000000,-1.000000
0.300000,Dutch Roll,0.375780,28.721199,28.723657,28.721199,-0.013083
0.300000,Dutch Roll,0.375780,-28.721199,28.723657,28.721199,-0.013083
0.300000,Spiral,-0.047362,0.000000,0.047362,0.000000,1.000000
0.300000,Spiral,-0.055985,0.000000,0.055985,0.000000,1.000000
0.310000,Short Period,-4.064624,3.240081,5.198008,3.240081,0.781958
0.310000,Short Period,-4.064624,-3.240081,5.198008,3.240081,0.781958
0.310000,Phugoid,-0.020805,0.133991,0.135596,0.133991,0.153437
0.310000,Phugoid,-0.020805,-0.133991,0.135596,0.133991,0.153437
0.310000,Dutch Roll,-0.972460,6.419475,6.492714,6.419475,0.149777
0.310000,Dutch Roll,-0.972460,-6.419475,6.492714,6.419475,0.149777
0.310000,Spiral,0.085543,0.000000,0.085543,0.000000,-1.000000
0.310000,Spiral,-0.110483,0.000000,0.110483,0.000000,1.000000
0.320000,Real Mode,-8.784127,0.000000,8.784127,0.000000,1.000000
0.320000,Phugoid,-0.024108,0.131589,0.133779,0.131589,0.180208
0.320000,Phugoid,-0.024108,-0.131589,0.133779,0.131589,0.180208
0.320000,Real Mode,-0.003153,0.000000,0.003153,0.000000,1.000000
0.320000,Dutch Roll,-0.982681,6.876826,6.946682,6.876826,0.141461
0.320000,Dutch Roll,-0.982681,-6.876826,6.946682,6.876826,0.141461
0.320000,Spiral,0.110422,0.000000,0.110422,0.000000,-1.000000
0.320000,Spiral,-0.178457,0.000000,0.178457,0.000000,1.000000
0.330000,Short Period,-4.329556,3.454746,5.538982,3.454746,0.781652
0.330000,Short Period,-4.329556,-3.454746,5.538982,3.454746,0.781652
0.330000,Phugoid,-0.018943,0.134076,0.135408,0.134076,0.139896
0.330000,Phugoid,-0.018943,-0.134076,0.135408,0.134076,0.139896
0.330000,Dutch Roll,-0.990784,7.324532,7.391239,7.324532,0.134048
0.330000,Dutch Roll,-0.990784,-7.324532,7.391239,7.324532,0.134048
0.330000,Spiral,0.124171,0.000000,0.124171,0.000000,-1.000000
0.330000,Spiral,-0.245815,0.000000,0.245815,0.000000,1.000000
0.340000,Short Period,-4.460541,3.543701,5.696862,3.543701,0.782982
0.340000,Short Period,-4.460541,-3.543701,5.696862,3.543701,0.782982
0.340000,Phugoid,-0.017781,0.129657,0.130871,0.129657,0.135870
0.340000,Phugoid,-0.017781,-0.129657,0.130871,0.129657,0.135870
0.340000,Dutch Roll,-1.027731,7.122042,7.195812,7.122042,0.142823
0.340000,Dutch Roll,-1.027731,-7.122042,7.195812,7.122042,0.142823
0.340000,Spiral,0.127289,0.000000,0.127289,0.000000,-1.000000
0.340000,Spiral,-0.271588,0.000000,0.271588,0.000000,1.000000
0.350000,Short Period,-4.591527,3.633390,5.855224,3.633390,0.784176
0.350000,Short Period,-4.591527,-3.633390,5.855224,3.633390,0.784176
0.350000,Phugoid,-0.016705,0.125557,0.126664,0.125557,0.131884
0.350000,Phugoid,-0.016705,-0.125557,0.126664,0.125557,0.131884
0.350000,Dutch Roll,-1.061855,6.941428,7.022176,6.941428,0.151214
0.350000,Dutch Roll,-1.061855,-6.941428,7.022176,6.941428,0.151214
0.350000,Spiral,0.129913,0.000000,0.129913,0.000000,-1.000000
0.350000,Spiral,-0.299001,0.000000,0.299001,0.000000,1.000000
0.360000,Short Period,-4.722515,3.723708,6.013997,3.723708,0.785254
0.360000,Short Period,-4.722515,-3.723708,6.013997,3.723708,0.785254
0.360000,Phugoid,-0.015701,0.121738,0.122746,0.121738,0.127911
0.360000,Phugoid,-0.015701,-0.121738,0.122746,0.121738,0.127911
0.360000,Dutch Roll,-1.093471,6.779188,6.866809,6.779188,0.159240
0.360000,Dutch Roll,-1.093471,-6.779188,6.866809,6.779188,0.159240
0.360000,Spiral,0.132107,0.000000,0.132107,0.000000,-1.000000
0.360000,Spiral,-0.328107,0.000000,0.328107,0.000000,1.000000
0.370000,Short Period,-4.851958,3.812223,6.170457,3.812223,0.786321
0.370000,Short Period,-4.851958,-3.812223,6.170457,3.812223,0.786321
0.370000,Phugoid,-0.014550,0.118282,0.119173,0.118282,0.122089
0.370000,Phugoid,-0.014550,-0.118282,0.119173,0.118282,0.122089
0.370000,Dutch Roll,-1.122827,6.637473,6.731775,6.637473,0.166795
0.370000,Dutch Roll,-1.122827,-6.637473,6.731775,6.637473,0.166795
0.370000,Spiral,0.133829,0.000000,0.133829,0.000000,-1.000000
0.370000,Spiral,-0.358660,0.000000,0.358660,0.000000,1.000000
0.380000,Short Period,-4.983043,3.904153,6.330334,3.904153,0.787169
0.380000,Short Period,-4.983043,-3.904153,6.330334,3.904153,0.787169
0.380000,Phugoid,-0.014015,0.114970,0.115821,0.114970,0.121005
0.380000,Phugoid,-0.014015,-0.114970,0.115821,0.114970,0.121005
0.380000,Dutch Roll,-1.150222,6.516969,6.617696,6.516969,0.173810
0.380000,Dutch Roll,-1.150222,-6.516969,6.617696,6.516969,0.173810
0.380000,Spiral,0.135067,0.000000,0.135067,0.000000,-1.000000
0.380000,Spiral,-0.390402,0.000000,0.390402,0.000000,1.000000
0.390000,Short Period,-5.114127,3.996445,6.490445,3.996445,0.787947
0.390000,Short Period,-5.114127,-3.996445,6.490445,3.996445,0.787947
0.390000,Phugoid,-0.013511,0.111849,0.112662,0.111849,0.119927
0.390000,Phugoid,-0.013511,-0.111849,0.112662,0.111849,0.119927
0.390000,Dutch Roll,-1.175838,6.406862,6.513868,6.406862,0.180513
0.390000,Dutch Roll,-1.175838,-6.406862,6.513868,6.406862,0.180513
0.390000,Spiral,-0.423868,0.000000,0.423868,0.000000,1.000000
0.390000,Spiral,0.136041,0.000000,0.136041,0.000000,-1.000000
0.400000,Short Period,-5.245211,4.089064,6.650766,4.089064,0.788663
0.400000,Short Period,-5.245211,-4.089064,6.650766,4.089064,0.788663
0.400000,Phugoid,-0.013035,0.108900,0.109677,0.108900,0.118849
0.400000,Phugoid,-0.013035,-0.108900,0.109677,0.108900,0.118849
0.400000,Dutch Roll,-1.199784,6.306036,6.419156,6.306036,0.186907
0.400000,Dutch Roll,-1.199784,-6.306036,6.419156,6.306036,0.186907
0.400000,Spiral,-0.459081,0.000000,0.459081,0.000000,1.000000
0.400000,Spiral,0.136781,0.000000,0.136781,0.000000,-1.000000
0.410000,Short Period,-5.376295,4.181977,6.811276,4.181977,0.789323
0.410000,Short Period,-5.376295,-4.181977,6.811276,4.181977,0.789323
0.410000,Phugoid,-0.012584,0.106110,0.106853,0.106110,0.117769
0.410000,Phugoid,-0.012584,-0.106110,0.106853,0.106110,0.117769
0.410000,Dutch Roll,-1.222153,6.213552,6.332605,6.213552,0.192994
0.410000,Dutch Roll,-1.222153,-6.213552,6.332605,6.213552,0.192994
0.410000,Spiral,-0.496064,0.000000,0.496064,0.000000,1.000000
0.410000,Spiral,0.137312,0.000000,0.137312,0.000000,-1.000000
0.420000,Short Period,-5.507379,4.275159,6.971959,4.275159,0.789933
0.420000,Short Period,-5.507379,-4.275159,6.971959,4.275159,0.789933
0.420000,Phugoid,-0.012155,0.103464,0.104176,0.103464,0.116682
0.420000,Phugoid,-0.012155,-0.103464,0.104176,0.103464,0.116682
0.420000,Dutch Roll,-1.243024,6.128611,6.253397,6.128611,0.198776
0.420000,Dutch Roll,-1.243024,-6.128611,6.253397,6.128611,0.198776
0.420000,Spiral,-0.534834,0.000000,0.534834,0.000000,1.000000
0.420000,Spiral,0.137659,0.000000,0.137659,0.000000,-1.000000
0.430000,Short Period,-5.637147,4.366431,7.130438,4.366431,0.790575
0.430000,Short Period,-5.637147,-4.366431,7.130438,4.366431,0.790575
0.430000,Phugoid,-0.011481,0.101021,0.101672,0.101021,0.112925
0.430000,Phugoid,-0.011481,-0.101021,0.101672,0.101021,0.112925
0.430000,Dutch Roll,-1.262486,6.051046,6.181345,6.051046,0.204241
0.430000,Dutch Roll,-1.262486,-6.051046,6.181345,6.051046,0.204241
0.430000,Spiral,-0.575344,0.000000,0.575344,0.000000,1.000000
0.430000,Spiral,0.137832,0.000000,0.137832,0.000000,-1.000000
0.440000,Short Period,-5.768289,4.460385,7.291652,4.460385,0.791081
0.440000,Short Period,-5.768289,-4.460385,7.291652,4.460385,0.791081
0.440000,Phugoid,-0.011320,0.098644,0.099292,0.098644,0.114003
0.440000,Phugoid,-0.011320,-0.098644,0.099292,0.098644,0.114003
0.440000,Dutch Roll,-1.280839,5.985039,6.120559,5.985039,0.209268
0.440000,Dutch Roll,-1.280839,-5.985039,6.120559,5.985039,0.209268
0.440000,Spiral,-0.616997,0.000000,0.616997,0.000000,1.000000
0.440000,Spiral,0.137758,0.000000,0.137758,0.000000,-1.000000
0.450000,Short Period,-5.899429,4.554524,7.452983,4.554524,0.791553
0.450000,Short Period,-5.899429,-4.554524,7.452983,4.554524,0.791553
0.450000,Phugoid,-0.011168,0.096377,0.097022,0.096377,0.115111
0.450000,Phugoid,-0.011168,-0.096377,0.097022,0.096377,0.115111
0.450000,Dutch Roll,-1.297929,5.924284,6.064797,5.924284,0.214010
0.450000,Dutch Roll,-1.297929,-5.924284,6.064797,5.924284,0.214010
0.450000,Spiral,-0.660399,0.000000,0.660399,0.000000,1.000000
0.450000,Spiral,0.137567,0.000000,0.137567,0.000000,-1.000000
0.460000,Short Period,-6.030568,4.648836,7.614422,4.648836,0.791993
0.460000,Short Period,-6.030568,-4.648836,7.614422,4.648836,0.791993
0.460000,Phugoid,-0.011027,0.094213,0.094856,0.094213,0.116246
0.460000,Phugoid,-0.011027,-0.094213,0.094856,0.094213,0.116246
0.460000,Dutch Roll,-1.313801,5.868392,6.013659,5.868392,0.218470
0.460000,Dutch Roll,-1.313801,-5.868392,6.013659,5.868392,0.218470
0.460000,Spiral,-0.705552,0.000000,0.705552,0.000000,1.000000
0.460000,Spiral,0.137272,0.000000,0.137272,0.000000,-1.000000
0.470000,Short Period,-6.161705,4.743307,7.775961,4.743307,0.792404
0.470000,Short Period,-6.161705,-4.743307,7.775961,4.743307,0.792404
0.470000,Phugoid,-0.010894,0.092145,0.092786,0.092145,0.117410
0.470000,Phugoid,-0.010894,-0.092145,0.092786,0.092145,0.117410
0.470000,Dutch Roll,-1.328494,5.817022,5.966795,5.817022,0.222648
0.470000,Dutch Roll,-1.328494,-5.817022,5.966795,5.817022,0.222648
0.470000,Spiral,-0.752452,0.000000,0.752452,0.000000,1.000000
0.470000,Spiral,0.136885,0.000000,0.136885,0.000000,-1.000000
0.480000,Short Period,-6.292841,4.837927,7.937593,4.837927,0.792790
0.480000,Short Period,-6.292841,-4.837927,7.937593,4.837927,0.792790
0.480000,Phugoid,-0.010770,0.090165,0.090806,0.090165,0.118601
0.480000,Phugoid,-0.010770,-0.090165,0.090806,0.090165,0.118601
0.480000,Dutch Roll,-1.342043,5.769870,5.923890,5.769870,0.226548
0.480000,Dutch Roll,-1.342043,-5.769870,5.923890,5.769870,0.226548
0.480000,Spiral,-0.801093,0.000000,0.801093,0.000000,1.000000
0.480000,Spiral,0.136417,0.000000,0.136417,0.000000,-1.000000
0.490000,Short Period,-6.423976,4.932685,8.099312,4.932685,0.793151
0.490000,Short Period,-6.423976,-4.932685,8.099312,4.932685,0.793151
0.490000,Phugoid,-0.010653,0.088269,0.088910,0.088269,0.119819
0.490000,Phugoid,-0.010653,-0.088269,0.088910,0.088269,0.119819
0.490000,Dutch Roll,-1.354482,5.726665,5.884668,5.726665,0.230171
0.490000,Dutch Roll,-1.354482,-5.726665,5.884668,5.726665,0.230171
0.490000,Spiral,-0.851464,0.000000,0.851464,0.000000,1.000000
0.490000,Spiral,0.135877,0.000000,0.135877,0.000000,-1.000000
0.500000,Short Period,-6.555110,5.027573,8.261111,5.027573,0.793490
0.500000,Short Period,-6.555110,-5.027573,8.261111,5.027573,0.793490
0.500000,Phugoid,-0.010544,0.086451,0.087092,0.086451,0.121065
0.500000,Phugoid,-0.010544,-0.086451,0.087092,0.086451,0.121065
0.500000,Dutch Roll,-1.365845,5.687165,5.848879,5.687165,0.233523
0.500000,Dutch Roll,-1.365845,-5.687165,5.848879,5.687165,0.233523
0.500000,Spiral,-0.903552,0.000000,0.903552,0.000000,1.000000
0.500000,Spiral,0.135275,0.000000,0.135275,0.000000,-1.000000
0.510000,Short Period,-6.686243,5.122582,8.422986,5.122582,0.793809
0.510000,Short Period,-6.686243,-5.122582,8.422986,5.122582,0.793809
0.510000,Phugoid,-0.010441,0.084707,0.085348,0.084707,0.122337
0.510000,Phugoid,-0.010441,-0.084707,0.085348,0.084707,0.122337
0.510000,Dutch Roll,-1.376162,5.651156,5.816303,5.651156,0.236604
0.510000,Dutch Roll,-1.376162,-5.651156,5.816303,5.651156,0.236604
0.510000,Spiral,-0.957339,0.000000,0.957339,0.000000,1.000000
0.510000,Spiral,0.134618,0.000000,0.134618,0.000000,-1.000000
0.520000,Short Period,-6.817375,5.217705,8.584931,5.217705,0.794109
0.520000,Short Period,-6.817375,-5.217705,8.584931,5.217705,0.794109
0.520000,Phugoid,-0.010345,0.083031,0.083673,0.083031,0.123636
0.520000,Phugoid,-0.010345,-0.083031,0.083673,0.083031,0.123636
0.520000,Dutch Roll,-1.385464,5.618443,5.786744,5.618443,0.239420
0.520000,Dutch Roll,-1.385464,-5.618443,5.786744,5.618443,0.239420
0.520000,Roll,-1.012804,0.000000,1.012804,0.000000,1.000000
0.520000,Spiral,0.133913,0.000000,0.133913,0.000000,-1.000000
0.530000,Short Period,-6.948507,5.312934,8.746943,5.312934,0.794393
0.530000,Short Period,-6.948507,-5.312934,8.746943,5.312934,0.794393
0.530000,Phugoid,-0.010255,0.081420,0.082064,0.081420,0.124962
0.530000,Phugoid,-0.010255,-0.081420,0.082064,0.081420,0.124962
0.530000,Dutch Roll,-1.393781,5.588853,5.760026,5.588853,0.241975
0.530000,Dutch Roll,-1.393781,-5.588853,5.760026,5.588853,0.241975
0.530000,Roll,-1.069921,0.000000,1.069921,0.000000,1.000000
0.530000,Spiral,0.133167,0.000000,0.133167,0.000000,-1.000000
0.540000,Short Period,-7.079637,5.408264,8.909017,5.408264,0.794660
0.540000,Short Period,-7.079637,-5.408264,8.909017,5.408264,0.794660
0.540000,Phugoid,-0.010170,0.079870,0.080515,0.079870,0.126313
0.540000,Phugoid,-0.010170,-0.079870,0.080515,0.079870,0.126313
0.540000,Dutch Roll,-1.401144,5.562229,5.735992,5.562229,0.244272
0.540000,Dutch Roll,-1.401144,-5.562229,5.735992,5.562229,0.244272
0.540000,Roll,-1.128662,0.000000,1.128662,0.000000,1.000000
0.540000,Spiral,0.132384,0.000000,0.132384,0.000000,-1.000000
0.550000,Short Period,-7.210767,5.503688,9.071149,5.503688,0.794912
0.550000,Short Period,-7.210767,-5.503688,9.071149,5.503688,0.794912
0.550000,Phugoid,-0.010091,0.078378,0.079025,0.078378,0.127691
0.550000,Phugoid,-0.010091,-0.078378,0.079025,0.078378,0.127691
0.550000,Dutch Roll,-1.407584,5.538433,5.714501,5.538433,0.246318
0.550000,Dutch Roll,-1.407584,-5.538433,5.714501,5.538433,0.246318
0.550000,Roll,-1.188992,0.000000,1.188992,0.000000,1.000000
0.550000,Spiral,0.131570,0.000000,0.131570,0.000000,-1.000000
0.560000,Short Period,-7.340912,5.597613,9.231591,5.597613,0.795195
0.560000,Short Period,-7.340912,-5.597613,9.231591,5.597613,0.795195
0.560000,Phugoid,-0.009912,0.076981,0.077617,0.076981,0.127703
0.560000,Phugoid,-0.009912,-0.076981,0.077617,0.076981,0.127703
0.560000,Dutch Roll,-1.413416,5.519134,5.697244,5.519134,0.248088
0.560000,Dutch Roll,-1.413416,-5.519134,5.697244,5.519134,0.248088
0.560000,Roll,-1.250337,0.000000,1.250337,0.000000,1.000000
0.560000,Spiral,0.130699,0.000000,0.130699,0.000000,-1.000000
0.570000,Short Period,-7.472073,5.693329,9.393927,5.693329,0.795415
0.570000,Short Period,-7.472073,-5.693329,9.393927,5.693329,0.795415
0.570000,Phugoid,-0.009967,0.075590,0.076244,0.075590,0.130728
0.570000,Phugoid,-0.009967,-0.075590,0.076244,0.075590,0.130728
0.570000,Dutch Roll,-1.418430,5.502449,5.682331,5.502449,0.249621
0.570000,Dutch Roll,-1.418430,-5.502449,5.682331,5.502449,0.249621
0.570000,Roll,-1.313116,0.000000,1.313116,0.000000,1.000000
0.570000,Spiral,0.129806,0.000000,0.129806,0.000000,-1.000000
0.580000,Short Period,-7.603233,5.789118,9.556309,5.789118,0.795624
0.580000,Short Period,-7.603233,-5.789118,9.556309,5.789118,0.795624
0.580000,Phugoid,-0.010025,0.074246,0.074920,0.074246,0.133806
0.580000,Phugoid,-0.010025,-0.074246,0.074920,0.074246,0.133806
0.580000,Dutch Roll,-1.422636,5.488129,5.669520,5.488129,0.250927
0.580000,Dutch Roll,-1.422636,-5.488129,5.669520,5.488129,0.250927
0.580000,Roll,-1.377329,0.000000,1.377329,0.000000,1.000000
0.580000,Spiral,0.128896,0.000000,0.128896,0.000000,-1.000000
0.590000,Short Period,-7.734391,5.884979,9.718733,5.884979,0.795823
0.590000,Short Period,-7.734391,-5.884979,9.718733,5.884979,0.795823
0.590000,Phugoid,-0.010084,0.072947,0.073640,0.072947,0.136937
0.590000,Phugoid,-0.010084,-0.072947,0.073640,0.072947,0.136937
0.590000,Dutch Roll,-1.426066,5.476088,5.658728,5.476088,0.252012
0.590000,Dutch Roll,-1.426066,-5.476088,5.658728,5.476088,0.252012
0.590000,Roll,-1.442926,0.000000,1.442926,0.000000,1.000000
0.590000,Spiral,0.127972,0.000000,0.127972,0.000000,-1.000000
0.600000,Short Period,-7.865548,5.980906,9.881198,5.980906,0.796012
0.600000,Short Period,-7.865548,-5.980906,9.881198,5.980906,0.796012
0.600000,Phugoid,-0.010145,0.071690,0.072404,0.071690,0.140121
0.600000,Phugoid,-0.010145,-0.071690,0.072404,0.071690,0.140121
0.600000,Dutch Roll,-1.428755,5.466246,5.649884,5.466246,0.252882
0.600000,Dutch Roll,-1.428755,-5.466246,5.649884,5.466246,0.252882
0.600000,Roll,-1.509853,0.000000,1.509853,0.000000,1.000000
0.600000,Spiral,0.127037,0.000000,0.127037,0.000000,-1.000000
0.610000,Short Period,-7.996704,6.076896,10.043701,6.076896,0.796191
0.610000,Short Period,-7.996704,-6.076896,10.043701,6.076896,0.796191
0.610000,Phugoid,-0.010208,0.070474,0.071209,0.070474,0.143358
0.610000,Phugoid,-0.010208,-0.070474,0.071209,0.070474,0.143358
0.610000,Dutch Roll,-1.430738,5.458530,5.642922,5.458530,0.253546
0.610000,Dutch Roll,-1.430738,-5.458530,5.642922,5.458530,0.253546
0.610000,Roll,-1.578055,0.000000,1.578055,0.000000,1.000000
0.610000,Spiral,0.126093,0.000000,0.126093,0.000000,-1.000000
0.620000,Short Period,-8.127858,6.172946,10.206241,6.172946,0.796362
0.620000,Short Period,-8.127858,-6.172946,10.206241,6.172946,0.796362
0.620000,Phugoid,-0.010273,0.069296,0.070053,0.069296,0.146648
0.620000,Phugoid,-0.010273,-0.069296,0.070053,0.069296,0.146648
0.620000,Dutch Roll,-1.432052,5.452873,5.637783,5.452873,0.254010
0.620000,Dutch Roll,-1.432052,-5.452873,5.637783,5.452873,0.254010
0.620000,Roll,-1.647470,0.000000,1.647470,0.000000,1.000000
0.620000,Spiral,0.125143,0.000000,0.125143,0.000000,-1.000000
0.630000,Short Period,-8.259012,6.269054,10.368815,6.269054,0.796524
0.630000,Short Period,-8.259012,-6.269054,10.368815,6.269054,0.796524
0.630000,Phugoid,-0.010339,0.068154,0.068934,0.068154,0.149991
0.630000,Phugoid,-0.010339,-0.068154,0.068934,0.068154,0.149991
0.630000,Dutch Roll,-1.432734,5.449210,5.634414,5.449210,0.254283
0.630000,Dutch Roll,-1.432734,-5.449210,5.634414,5.449210,0.254283
0.630000,Roll,-1.718035,0.000000,1.718035,0.000000,1.000000
0.630000,Spiral,0.124188,0.000000,0.124188,0.000000,-1.000000
0.640000,Short Period,-8.390165,6.365217,10.531422,6.365217,0.796679
0.640000,Short Period,-8.390165,-6.365217,10.531422,6.365217,0.796679
0.640000,Phugoid,-0.010407,0.067047,0.067850,0.067047,0.153387
0.640000,Phugoid,-0.010407,-0.067047,0.067850,0.067047,0.153387
0.640000,Dutch Roll,-1.432821,5.447482,5.632765,5.447482,0.254373
0.640000,Dutch Roll,-1.432821,-5.447482,5.632765,5.447482,0.254373
0.640000,Roll,-1.789683,0.000000,1.789683,0.000000,1.000000
0.640000,Spiral,0.123230,0.000000,0.123230,0.000000,-1.000000
0.650000,Short Period,-8.521317,6.461431,10.694061,6.461431,0.796827
0.650000,Short Period,-8.521317,-6.461431,10.694061,6.461431,0.796827
0.650000,Phugoid,-0.010477,0.065973,0.066800,0.065973,0.156836
0.650000,Phugoid,-0.010477,-0.065973,0.066800,0.065973,0.156836
0.650000,Dutch Roll,-1.432354,5.447632,5.632791,5.447632,0.254289
0.650000,Dutch Roll,-1.432354,-5.447632,5.632791,5.447632,0.254289
0.650000,Roll,-1.862347,0.000000,1.862347,0.000000,1.000000
0.650000,Spiral,0.122271,0.000000,0.122271,0.000000,-1.000000
0.660000,Short Period,-8.652468,6.557696,10.856729,6.557696,0.796968
0.660000,Short Period,-8.652468,-6.557696,10.856729,6.557696,0.796968
0.660000,Phugoid,-0.010547,0.064931,0.065782,0.064931,0.160339
0.660000,Phugoid,-0.010547,-0.064931,0.065782,0.064931,0.160339
0.660000,Dutch Roll,-1.431372,5.449606,5.634450,5.449606,0.254039
0.660000,Dutch Roll,-1.431372,-5.449606,5.634450,5.449606,0.254039
0.660000,Roll,-1.935955,0.000000,1.935955,0.000000,1.000000
0.660000,Spiral,0.121311,0.000000,0.121311,0.000000,-1.000000
0.670000,Short Period,-8.783618,6.654007,11.019426,6.654007,0.797103
0.670000,Short Period,-8.783618,-6.654007,11.019426,6.654007,0.797103
0.670000,Phugoid,-0.010619,0.063918,0.064794,0.063918,0.163894
0.670000,Phugoid,-0.010619,-0.063918,0.064794,0.063918,0.163894
0.670000,Dutch Roll,-1.429914,5.453352,5.637703,5.453352,0.253634
0.670000,Dutch Roll,-1.429914,-5.453352,5.637703,5.453352,0.253634
0.670000,Roll,-2.010435,0.000000,2.010435,0.000000,1.000000
0.670000,Spiral,0.120352,0.000000,0.120352,0.000000,-1.000000
0.680000,Short Period,-8.914767,6.750364,11.182150,6.750364,0.797232
0.680000,Short Period,-8.914767,-6.750364,11.182150,6.750364,0.797232
0.680000,Phugoid,-0.010693,0.062934,0.063836,0.062934,0.167502
0.680000,Phugoid,-0.010693,-0.062934,0.063836,0.062934,0.167502
0.680000,Dutch Roll,-1.428021,5.458818,5.642512,5.458818,0.253083
0.680000,Dutch Roll,-1.428021,-5.458818,5.642512,5.458818,0.253083
0.680000,Roll,-2.085713,0.000000,2.085713,0.000000,1.000000
0.680000,Spiral,0.119395,0.000000,0.119395,0.000000,-1.000000
0.690000,Short Period,-9.045916,6.846764,11.344901,6.846764,0.797355
0.690000,Short Period,-9.045916,-6.846764,11.344901,6.846764,0.797355
0.690000,Phugoid,-0.010767,0.061978,0.062906,0.061978,0.171164
0.690000,Phugoid,-0.010767,-0.061978,0.062906,0.061978,0.171164
0.690000,Dutch Roll,-1.425733,5.465956,5.648839,5.465956,0.252394
0.690000,Dutch Roll,-1.425733,-5.465956,5.648839,5.465956,0.252394
0.690000,Roll,-2.161717,0.000000,2.161717,0.000000,1.000000
0.690000,Spiral,0.118442,0.000000,0.118442,0.000000,-1.000000
0.700000,Short Period,-9.177064,6.943205,11.507676,6.943205,0.797473
0.700000,Short Period,-9.177064,-6.943205,11.507676,6.943205,0.797473
0.700000,Phugoid,-0.010843,0.061047,0.062003,0.061047,0.174878
0.700000,Phugoid,-0.010843,-0.061047,0.062003,0.061047,0.174878
0.700000,Dutch Roll,-1.423088,5.474716,5.656650,5.474716,0.251578
0.700000,Dutch Roll,-1.423088,-5.474716,5.656650,5.474716,0.251578
0.700000,Roll,-2.238373,0.000000,2.238373,0.000000,1.000000
0.700000,Spiral,0.117492,0.000000,0.117492,0.000000,-1.000000
0.710000,Short Period,-9.308211,7.039686,11.670474,7.039686,0.797586
0.710000,Short Period,-9.308211,-7.039686,11.670474,7.039686,0.797586
0.710000,Phugoid,-0.010920,0.060142,0.061125,0.060142,0.178646
0.710000,Phugoid,-0.010920,-0.060142,0.061125,0.060142,0.178646
0.710000,Dutch Roll,-1.420126,5.485051,5.665911,5.485051,0.250644
0.710000,Dutch Roll,-1.420126,-5.485051,5.665911,5.485051,0.250644
0.710000,Roll,-2.315608,0.000000,2.315608,0.000000,1.000000
0.710000,Spiral,0.116546,0.000000,0.116546,0.000000,-1.000000
0.720000,Short Period,-9.439357,7.136205,11.833296,7.136205,0.797695
0.720000,Short Period,-9.439357,-7.136205,11.833296,7.136205,0.797695
0.720000,Phugoid,-0.010998,0.059260,0.060272,0.059260,0.182467
0.720000,Phugoid,-0.010998,-0.059260,0.060272,0.059260,0.182467
0.720000,Dutch Roll,-1.416886,5.496914,5.676586,5.496914,0.249602
0.720000,Dutch Roll,-1.416886,-5.496914,5.676586,5.496914,0.249602
0.720000,Roll,-2.393351,0.000000,2.393351,0.000000,1.000000
0.720000,Spiral,0.115606,0.000000,0.115606,0.000000,-1.000000
0.730000,Short Period,-9.570503,7.232760,11.996139,7.232760,0.797799
0.730000,Short Period,-9.570503,-7.232760,11.996139,7.232760,0.797799
0.730000,Phugoid,-0.011077,0.058401,0.059443,0.058401,0.186341
0.730000,Phugoid,-0.011077,-0.058401,0.059443,0.058401,0.186341
0.730000,Dutch Roll,-1.413404,5.510257,5.688641,5.510257,0.248461
0.730000,Dutch Roll,-1.413404,-5.510257,5.688641,5.510257,0.248461
0.730000,Roll,-2.471531,0.000000,2.471531,0.000000,1.000000
0.730000,Spiral,0.114671,0.000000,0.114671,0.000000,-1.000000
0.740000,Short Period,-9.701649,7.329350,12.159003,7.329350,0.797898
0.740000,Short Period,-9.701649,-7.329350,12.159003,7.329350,0.797898
0.740000,Phugoid,-0.011156,0.057564,0.058636,0.057564,0.190268
0.740000,Phugoid,-0.011156,-0.057564,0.058636,0.057564,0.190268
0.740000,Dutch Roll,-1.409716,5.525033,5.702043,5.525033,0.247230
0.740000,Dutch Roll,-1.409716,-5.525033,5.702043,5.525033,0.247230
0.740000,Roll,-2.550082,0.000000,2.550082,0.000000,1.000000
0.740000,Spiral,0.113743,0.000000,0.113743,0.000000,-1.000000
0.750000,Short Period,-9.832793,7.425973,12.321887,7.425973,0.797994
0.750000,Short Period,-9.832793,-7.425973,12.321887,7.425973,0.797994
0.750000,Phugoid,-0.011237,0.056748,0.057850,0.056748,0.194248
0.750000,Phugoid,-0.011237,-0.056748,0.057850,0.056748,0.194248
0.750000,Dutch Roll,-1.405856,5.541197,5.716755,5.541197,0.245918
0.750000,Dutch Roll,-1.405856,-5.541197,5.716755,5.541197,0.245918
0.750000,Roll,-2.628938,0.000000,2.628938,0.000000,1.000000
0.750000,Spiral,0.112822,0.000000,0.112822,0.000000,-1.000000
0.760000,Short Period,-9.963937,7.522628,12.484790,7.522628,0.798086
0.760000,Short Period,-9.963937,-7.522628,12.484790,7.522628,0.798086
0.760000,Phugoid,-0.011319,0.055952,0.057086,0.055952,0.198282
0.760000,Phugoid,-0.011319,-0.055952,0.057086,0.055952,0.198282
0.760000,Dutch Roll,-1.401857,5.558701,5.732744,5.558701,0.244535
0.760000,Dutch Roll,-1.401857,-5.558701,5.732744,5.558701,0.244535
0.760000,Roll,-2.708037,0.000000,2.708037,0.000000,1.000000
0.760000,Spiral,0.111908,0.000000,0.111908,0.000000,-1.000000
0.770000,Short Period,-10.095081,7.619314,12.647712,7.619314,0.798174
0.770000,Short Period,-10.095081,-7.619314,12.647712,7.619314,0.798174
0.770000,Phugoid,-0.011402,0.055175,0.056341,0.055175,0.202368
0.770000,Phugoid,-0.011402,-0.055175,0.056341,0.055175,0.202368
0.770000,Dutch Roll,-1.397751,5.577501,5.749976,5.577501,0.243088
0.770000,Dutch Roll,-1.397751,-5.577501,5.749976,5.577501,0.243088
0.770000,Roll,-2.787321,0.000000,2.787321,0.000000,1.000000
0.770000,Spiral,0.111001,0.000000,0.111001,0.000000,-1.000000
0.780000,Short Period,-10.226224,7.716030,12.810651,7.716030,0.798260
0.780000,Short Period,-10.226224,-7.716030,12.810651,7.716030,0.798260
0.780000,Phugoid,-0.011485,0.054417,0.055616,0.054417,0.206508
0.780000,Phugoid,-0.011485,-0.054417,0.055616,0.054417,0.206508
0.780000,Dutch Roll,-1.393565,5.597550,5.768413,5.597550,0.241586
0.780000,Dutch Roll,-1.393565,-5.597550,5.768413,5.597550,0.241586
0.780000,Roll,-2.866733,0.000000,2.866733,0.000000,1.000000
0.780000,Spiral,0.110102,0.000000,0.110102,0.000000,-1.000000
0.790000,Short Period,-10.357366,7.812774,12.973607,7.812774,0.798341
0.790000,Short Period,-10.357366,-7.812774,12.973607,7.812774,0.798341
0.790000,Phugoid,-0.011569,0.053676,0.054909,0.053676,0.210701
0.790000,Phugoid,-0.011569,-0.053676,0.054909,0.053676,0.210701
0.790000,Dutch Roll,-1.389329,5.618804,5.788022,5.618804,0.240035
0.790000,Dutch Roll,-1.389329,-5.618804,5.788022,5.618804,0.240035
0.790000,Roll,-2.946221,0.000000,2.946221,0.000000,1.000000
0.790000,Spiral,0.109211,0.000000,0.109211,0.000000,-1.000000
0.800000,Short Period,-10.488509,7.909546,13.136580,7.909546,0.798420
0.800000,Short Period,-10.488509,-7.909546,13.136580,7.909546,0.798420
0.800000,Phugoid,-0.011654,0.052953,0.054220,0.052953,0.214947
0.800000,Phugoid,-0.011654,-0.052953,0.054220,0.052953,0.214947
0.800000,Dutch Roll,-1.385066,5.641219,5.808766,5.641219,0.238444
0.800000,Dutch Roll,-1.385066,-5.641219,5.808766,5.641219,0.238444
0.800000,Roll,-3.025737,0.000000,3.025737,0.000000,1.000000
0.800000,Spiral,0.108329,0.000000,0.108329,0.000000,-1.000000
0.810000,Short Period,-10.619650,8.006344,13.299568,8.006344,0.798496
0.810000,Short Period,-10.619650,-8.006344,13.299568,8.006344,0.798496
0.810000,Phugoid,-0.011740,0.052245,0.053548,0.052245,0.219247
0.810000,Phugoid,-0.011740,-0.052245,0.053548,0.052245,0.219247
0.810000,Dutch Roll,-1.380801,5.664751,5.830610,5.664751,0.236819
0.810000,Dutch Roll,-1.380801,-5.664751,5.830610,5.664751,0.236819
0.810000,Roll,-3.105238,0.000000,3.105238,0.000000,1.000000
0.810000,Spiral,0.107455,0.000000,0.107455,0.000000,-1.000000
0.820000,Short Period,-10.750791,8.103167,13.462572,8.103167,0.798569
0.820000,Short Period,-10.750791,-8.103167,13.462572,8.103167,0.798569
0.820000,Phugoid,-0.011827,0.051553,0.052893,0.051553,0.223599
0.820000,Phugoid,-0.011827,-0.051553,0.052893,0.051553,0.223599
0.820000,Dutch Roll,-1.376554,5.689356,5.853518,5.689356,0.235167
0.820000,Dutch Roll,-1.376554,-5.689356,5.853518,5.689356,0.235167
0.820000,Roll,-3.184680,0.000000,3.184680,0.000000,1.000000
0.820000,Spiral,0.106589,0.000000,0.106589,0.000000,-1.000000
0.830000,Short Period,-10.881932,8.200015,13.625590,8.200015,0.798639
0.830000,Short Period,-10.881932,-8.200015,13.625590,8.200015,0.798639
0.830000,Phugoid,-0.011914,0.050877,0.052253,0.050877,0.228005
0.830000,Phugoid,-0.011914,-0.050877,0.052253,0.050877,0.228005
0.830000,Dutch Roll,-1.372346,5.714993,5.877455,5.714993,0.233493
0.830000,Dutch Roll,-1.372346,-5.714993,5.877455,5.714993,0.233493
0.830000,Roll,-3.264029,0.000000,3.264029,0.000000,1.000000
0.830000,Spiral,0.105732,0.000000,0.105732,0.000000,-1.000000
0.840000,Short Period,-11.013072,8.296887,13.788622,8.296887,0.798707
0.840000,Short Period,-11.013072,-8.296887,13.788622,8.296887,0.798707
0.840000,Phugoid,-0.012002,0.050214,0.051629,0.050214,0.232464
0.840000,Phugoid,-0.012002,-0.050214,0.051629,0.050214,0.232464
0.840000,Dutch Roll,-1.368194,5.741621,5.902387,5.741621,0.231803
0.840000,Dutch Roll,-1.368194,-5.741621,5.902387,5.741621,0.231803
0.840000,Roll,-3.343249,0.000000,3.343249,0.000000,1.000000
0.840000,Spiral,0.104885,0.000000,0.104885,0.000000,-1.000000
0.850000,Short Period,-11.144212,8.393781,13.951667,8.393781,0.798773
0.850000,Short Period,-11.144212,-8.393781,13.951667,8.393781,0.798773
0.850000,Phugoid,-0.012090,0.049566,0.051019,0.049566,0.236977
0.850000,Phugoid,-0.012090,-0.049566,0.051019,0.049566,0.236977
0.850000,Dutch Roll,-1.364113,5.769200,5.928277,5.769200,0.230103
0.850000,Dutch Roll,-1.364113,-5.769200,5.928277,5.769200,0.230103
0.850000,Roll,-3.422310,0.000000,3.422310,0.000000,1.000000
0.850000,Spiral,0.104046,0.000000,0.104046,0.000000,-1.000000
0.860000,Short Period,-11.275352,8.490697,14.114726,8.490697,0.798836
0.860000,Short Period,-11.275352,-8.490697,14.114726,8.490697,0.798836
0.860000,Phugoid,-0.012179,0.048931,0.050424,0.048931,0.241542
0.860000,Phugoid,-0.012179,-0.048931,0.050424,0.048931,0.241542
0.860000,Dutch Roll,-1.360119,5.797690,5.955093,5.797690,0.228396
0.860000,Dutch Roll,-1.360119,-5.797690,5.955093,5.797690,0.228396
0.860000,Roll,-3.501187,0.000000,3.501187,0.000000,1.000000
0.860000,Spiral,0.103216,0.000000,0.103216,0.000000,-1.000000
0.870000,Short Period,-11.406491,8.587634,14.277797,8.587634,0.798897
0.870000,Short Period,-11.406491,-8.587634,14.277797,8.587634,0.798897
0.870000,Phugoid,-0.012269,0.048309,0.049842,0.048309,0.246161
0.870000,Phugoid,-0.012269,-0.048309,0.049842,0.048309,0.246161
0.870000,Dutch Roll,-1.356223,5.827054,5.982801,5.827054,0.226687
0.870000,Dutch Roll,-1.356223,-5.827054,5.982801,5.827054,0.226687
0.870000,Roll,-3.579854,0.000000,3.579854,0.000000,1.000000
0.870000,Spiral,0.102395,0.000000,0.102395,0.000000,-1.000000
0.880000,Short Period,-11.537630,8.684592,14.440881,8.684592,0.798956
0.880000,Short Period,-11.537630,-8.684592,14.440881,8.684592,0.798956
0.880000,Phugoid,-0.012360,0.047699,0.049274,0.047699,0.250833
0.880000,Phugoid,-0.012360,-0.047699,0.049274,0.047699,0.250833
0.880000,Dutch Roll,-1.352437,5.857256,6.011367,5.857256,0.224980
0.880000,Dutch Roll,-1.352437,-5.857256,6.011367,5.857256,0.224980
0.880000,Roll,-3.658292,0.000000,3.658292,0.000000,1.000000
0.880000,Spiral,0.101583,0.000000,0.101583,0.000000,-1.000000
0.890000,Short Period,-11.668769,8.781569,14.603976,8.781569,0.799013
0.890000,Short Period,-11.668769,-8.781569,14.603976,8.781569,0.799013
0.890000,Phugoid,-0.012450,0.047101,0.048719,0.047101,0.255558
0.890000,Phugoid,-0.012450,-0.047101,0.048719,0.047101,0.255558
0.890000,Dutch Roll,-1.348770,5.888258,6.040759,5.888258,0.223278
0.890000,Dutch Roll,-1.348770,-5.888258,6.040759,5.888258,0.223278
0.890000,Roll,-3.736482,0.000000,3.736482,0.000000,1.000000
0.890000,Spiral,0.100781,0.000000,0.100781,0.000000,-1.000000
0.900000,Short Period,-11.799907,8.878565,14.767082,8.878565,0.799068
0.900000,Short Period,-11.799907,-8.878565,14.767082,8.878565,0.799068
0.900000,Phugoid,-0.021143,0.043288,0.048176,0.043288,0.438880
0.900000,Phugoid,-0.021143,-0.043288,0.048176,0.043288,0.438880
0.900000,Dutch Roll,-1.345230,5.920029,6.070946,5.920029,0.221585
0.900000,Dutch Roll,-1.345230,-5.920029,6.070946,5.920029,0.221585
0.900000,Roll,-3.814408,0.000000,3.814408,0.000000,1.000000
0.900000,Spiral,0.099987,0.000000,0.099987,0.000000,-1.000000
0.910000,Short Period,-11.931237,8.975909,14.930551,8.975909,0.799116
0.910000,Short Period,-11.931237,-8.975909,14.930551,8.975909,0.799116
0.910000,Phugoid,-0.030609,0.036531,0.047659,0.036531,0.642249
0.910000,Phugoid,-0.030609,-0.036531,0.047659,0.036531,0.642249
0.910000,Dutch Roll,-1.342484,5.953575,6.103058,5.953575,0.219969
0.910000,Dutch Roll,-1.342484,-5.953575,6.103058,5.953575,0.219969
0.910000,Roll,-3.891100,0.000000,3.891100,0.000000,1.000000
0.910000,Spiral,0.099188,0.000000,0.099188,0.000000,-1.000000
0.920000,Short Period,-12.062571,9.073276,15.094037,9.073276,0.799161
0.920000,Short Period,-12.062571,-9.073276,15.094037,9.073276,0.799161
0.920000,Phugoid,-0.031487,0.035101,0.047154,0.035101,0.667740
0.920000,Phugoid,-0.031487,-0.035101,0.047154,0.035101,0.667740
0.920000,Dutch Roll,-1.339876,5.987787,6.135866,5.987787,0.218368
0.920000,Dutch Roll,-1.339876,-5.987787,6.135866,5.987787,0.218368
0.920000,Roll,-3.967519,0.000000,3.967519,0.000000,1.000000
0.920000,Spiral,0.098399,0.000000,0.098399,0.000000,-1.000000
0.930000,Short Period,-12.193909,9.170665,15.257540,9.170665,0.799205
0.930000,Short Period,-12.193909,-9.170665,15.257540,9.170665,0.799205
0.930000,Phugoid,-0.032377,0.033598,0.046660,0.033598,0.693904
0.930000,Phugoid,-0.032377,-0.033598,0.046660,0.033598,0.693904
0.930000,Dutch Roll,-1.337410,6.022634,6.169342,6.022634,0.216783
0.930000,Dutch Roll,-1.337410,-6.022634,6.169342,6.022634,0.216783
0.930000,Roll,-4.043658,0.000000,4.043658,0.000000,1.000000
0.930000,Spiral,0.097620,0.000000,0.097620,0.000000,-1.000000
0.940000,Short Period,-12.325251,9.268077,15.421059,9.268077,0.799248
0.940000,Short Period,-12.325251,-9.268077,15.421059,9.268077,0.799248
0.940000,Phugoid,-0.033281,0.032009,0.046176,0.032009,0.720749
0.940000,Phugoid,-0.033281,-0.032009,0.046176,0.032009,0.720749
0.940000,Dutch Roll,-1.335090,6.058090,6.203460,6.058090,0.215217
0.940000,Dutch Roll,-1.335090,-6.058090,6.203460,6.058090,0.215217
0.940000,Roll,-4.119509,0.000000,4.119509,0.000000,1.000000
0.940000,Spiral,0.096850,0.000000,0.096850,0.000000,-1.000000
0.950000,Short Period,-12.456597,9.365509,15.584594,9.365509,0.799289
0.950000,Short Period,-12.456597,-9.365509,15.584594,9.365509,0.799289
0.950000,Phugoid,-0.034199,0.030318,0.045703,0.030318,0.748283
0.950000,Phugoid,-0.034199,-0.030318,0.045703,0.030318,0.748283
0.950000,Dutch Roll,-1.332918,6.094128,6.238194,6.094128,0.213670
0.950000,Dutch Roll,-1.332918,-6.094128,6.238194,6.094128,0.213670
0.950000,Roll,-4.195069,0.000000,4.195069,0.000000,1.000000
0.950000,Spiral,0.096089,0.000000,0.096089,0.000000,-1.000000
0.960000,Short Period,-12.589361,9.394253,15.708087,9.394253,0.801457
0.960000,Short Period,-12.589361,-9.394253,15.708087,9.394253,0.801457
0.960000,Phugoid,-0.035026,0.028645,0.045247,0.028645,0.774095
0.960000,Phugoid,-0.035026,-0.028645,0.045247,0.028645,0.774095
0.960000,Dutch Roll,-1.330939,6.130787,6.273591,6.130787,0.212149
0.960000,Dutch Roll,-1.330939,-6.130787,6.273591,6.130787,0.212149
0.960000,Roll,-4.270274,0.000000,4.270274,0.000000,1.000000
0.960000,Spiral,0.095337,0.000000,0.095337,0.000000,-1.000000
0.970000,Short Period,-12.720706,9.492412,15.872058,9.492412,0.801453
0.970000,Short Period,-12.720706,-9.492412,15.872058,9.492412,0.801453
0.970000,Phugoid,-0.036009,0.026644,0.044794,0.026644,0.803867
0.970000,Phugoid,-0.036009,-0.026644,0.044794,0.026644,0.803867
0.970000,Dutch Roll,-1.329132,6.168009,6.309590,6.168009,0.210653
0.970000,Dutch Roll,-1.329132,-6.168009,6.309590,6.168009,0.210653
0.970000,Roll,-4.345152,0.000000,4.345152,0.000000,1.000000
0.970000,Spiral,0.094594,0.000000,0.094594,0.000000,-1.000000
0.980000,Short Period,-12.852055,9.590576,16.036037,9.590576,0.801448
0.980000,Short Period,-12.852055,-9.590576,16.036037,9.590576,0.801448
0.980000,Phugoid,-0.037005,0.024447,0.044351,0.024447,0.834361
0.980000,Phugoid,-0.037005,-0.024447,0.044351,0.024447,0.834361
0.980000,Dutch Roll,-1.327477,6.205738,6.346131,6.205738,0.209179
0.980000,Dutch Roll,-1.327477,-6.205738,6.346131,6.205738,0.209179
0.980000,Roll,-4.419734,0.000000,4.419734,0.000000,1.000000
0.980000,Spiral,0.093860,0.000000,0.093860,0.000000,-1.000000
0.990000,Short Period,-12.983409,9.688748,16.200023,9.688748,0.801444
0.990000,Short Period,-12.983409,-9.688748,16.200023,9.688748,0.801444
0.990000,Phugoid,-0.038013,0.021992,0.043916,0.021992,0.865584
0.990000,Phugoid,-0.038013,-0.021992,0.043916,0.021992,0.865584
0.990000,Dutch Roll,-1.325973,6.243953,6.383193,6.243953,0.207729
0.990000,Dutch Roll,-1.325973,-6.243953,6.383193,6.243953,0.207729
0.990000,Roll,-4.494020,0.000000,4.494020,0.000000,1.000000
0.990000,Spiral,0.093136,0.000000,0.093136,0.000000,-1.000000
1.000000,Short Period,-13.114766,9.786925,16.364015,9.786925,0.801439
1.000000,Short Period,-13.114766,-9.786925,16.364015,9.786925,0.801439
1.000000,Phugoid,-0.039035,0.019176,0.043490,0.019176,0.897544
1.000000,Phugoid,-0.039035,-0.019176,0.043490,0.019176,0.897544
1.000000,Dutch Roll,-1.324621,6.282634,6.420756,6.282634,0.206303
1.000000,Dutch Roll,-1.324621,-6.282634,6.420756,6.282634,0.206303
1.000000,Roll,-4.568010,0.000000,4.568010,0.000000,1.000000
1.000000,Spiral,0.092420,0.000000,0.092420,0.000000,-1.000000
1.010000,Short Period,-13.246128,9.885108,16.528015,9.885108,0.801435
1.010000,Short Period,-13.246128,-9.885108,16.528015,9.885108,0.801435
1.010000,Phugoid,-0.040069,0.015805,0.043073,0.015805,0.930250
1.010000,Phugoid,-0.040069,-0.015805,0.043073,0.015805,0.930250
1.010000,Dutch Roll,-1.323419,6.321759,6.458799,6.321759,0.204902
1.010000,Dutch Roll,-1.323419,-6.321759,6.458799,6.321759,0.204902
1.010000,Roll,-4.641707,0.000000,4.641707,0.000000,1.000000
1.010000,Spiral,0.091714,0.000000,0.091714,0.000000,-1.000000
1.020000,Short Period,-13.377495,9.983298,16.692022,9.983298,0.801430
1.020000,Short Period,-13.377495,-9.983298,16.692022,9.983298,0.801430
1.020000,Phugoid,-0.041115,0.011389,0.042664,0.011389,0.963709
1.020000,Phugoid,-0.041115,-0.011389,0.042664,0.011389,0.963709
1.020000,Dutch Roll,-1.322368,6.361312,6.497303,6.361312,0.203526
1.020000,Dutch Roll,-1.322368,-6.361312,6.497303,6.361312,0.203526
1.020000,Roll,-4.715113,0.000000,4.715113,0.000000,1.000000
1.020000,Spiral,0.091016,0.000000,0.091016,0.000000,-1.000000
1.030000,Short Period,-13.508865,10.081494,16.856036,10.081494,0.801426
1.030000,Short Period,-13.508865,-10.081494,16.856036,10.081494,0.801426
1.030000,Phugoid,-0.042175,0.002718,0.042262,0.002718,0.997929
1.030000,Phugoid,-0.042175,-0.002718,0.042262,0.002718,0.997929
1.030000,Dutch Roll,-1.321465,6.401274,6.536251,6.401274,0.202175
1.030000,Dutch Roll,-1.321465,-6.401274,6.536251,6.401274,0.202175
1.030000,Roll,-4.788230,0.000000,4.788230,0.000000,1.000000
1.030000,Spiral,0.090327,0.000000,0.090327,0.000000,-1.000000
1.040000,Short Period,-13.640240,10.179696,17.020057,10.179696,0.801421
1.040000,Short Period,-13.640240,-10.179696,17.020057,10.179696,0.801421
1.040000,Real Mode,-0.054078,0.000000,0.054078,0.000000,1.000000
1.040000,Real Mode,-0.032416,0.000000,0.032416,0.000000,1.000000
1.040000,Dutch Roll,-1.320709,6.441627,6.575624,6.441627,0.200849
1.040000,Dutch Roll,-1.320709,-6.441627,6.575624,6.441627,0.200849
1.040000,Roll,-4.861061,0.000000,4.861061,0.000000,1.000000
1.040000,Spiral,0.089647,0.000000,0.089647,0.000000,-1.000000
1.050000,Short Period,-13.771619,10.277905,17.184086,10.277905,0.801417
1.050000,Short Period,-13.771619,-10.277905,17.184086,10.277905,0.801417
1.050000,Real Mode,-0.059969,0.000000,0.059969,0.000000,1.000000
1.050000,Real Mode,-0.028695,0.000000,0.028695,0.000000,1.000000
1.050000,Dutch Roll,-1.320099,6.482357,6.615407,6.482357,0.199549
1.050000,Dutch Roll,-1.320099,-6.482357,6.615407,6.482357,0.199549
1.050000,Roll,-4.933610,0.000000,4.933610,0.000000,1.000000
1.050000,Spiral,0.088975,0.000000,0.088975,0.000000,-1.000000
1.060000,Short Period,-13.903002,10.376119,17.348121,10.376119,0.801413
1.060000,Short Period,-13.903002,-10.376119,17.348121,10.376119,0.801413
1.060000,Real Mode,-0.064778,0.000000,0.064778,0.000000,1.000000
1.060000,Real Mode,-0.026082,0.000000,0.026082,0.000000,1.000000
1.060000,Dutch Roll,-1.319633,6.523447,6.655583,6.523447,0.198275
1.060000,Dutch Roll,-1.319633,-6.523447,6.655583,6.523447,0.198275
1.060000,Roll,-5.005882,0.000000,5.005882,0.000000,1.000000
1.060000,Spiral,0.088312,0.000000,0.088312,0.000000,-1.000000
1.070000,Short Period,-14.034389,10.474340,17.512164,10.474340,0.801408
1.070000,Short Period,-14.034389,-10.474340,17.512164,10.474340,0.801408
1.070000,Real Mode,-0.069054,0.000000,0.069054,0.000000,1.000000
1.070000,Real Mode,-0.024027,0.000000,0.024027,0.000000,1.000000
1.070000,Dutch Roll,-1.319308,6.564882,6.696137,6.564882,0.197025
1.070000,Dutch Roll,-1.319308,-6.564882,6.696137,6.564882,0.197025
1.070000,Roll,-5.077879,0.000000,5.077879,0.000000,1.000000
1.070000,Spiral,0.087657,0.000000,0.087657,0.000000,-1.000000
1.080000,Short Period,-14.165781,10.572567,17.676214,10.572567,0.801404
1.080000,Short Period,-14.165781,-10.572567,17.676214,10.572567,0.801404
1.080000,Real Mode,-0.073007,0.000000,0.073007,0.000000,1.000000
1.080000,Real Mode,-0.022321,0.000000,0.022321,0.000000,1.000000
1.080000,Dutch Roll,-1.319123,6.606649,6.737054,6.606649,0.195801
1.080000,Dutch Roll,-1.319123,-6.606649,6.737054,6.606649,0.195801
1.080000,Roll,-5.149607,0.000000,5.149607,0.000000,1.000000
1.080000,Spiral,0.087010,0.000000,0.087010,0.000000,-1.000000
1.090000,Short Period,-14.297177,10.670800,17.840270,10.670800,0.801399
1.090000,Short Period,-14.297177,-10.670800,17.840270,10.670800,0.801399
1.090000,Real Mode,-0.076739,0.000000,0.076739,0.000000,1.000000
1.090000,Real Mode,-0.020860,0.000000,0.020860,0.000000,1.000000
1.090000,Dutch Roll,-1.319075,6.648735,6.778321,6.648735,0.194602
1.090000,Dutch Roll,-1.319075,-6.648735,6.778321,6.648735,0.194602
1.090000,Roll,-5.221070,0.000000,5.221070,0.000000,1.000000
1.090000,Spiral,0.086371,0.000000,0.086371,0.000000,-1.000000
1.100000,Short Period,-14.428577,10.769039,18.004334,10.769039,0.801395
1.100000,Short Period,-14.428577,-10.769039,18.004334,10.769039,0.801395
1.100000,Real Mode,-0.080314,0.000000,0.080314,0.000000,1.000000
1.100000,Real Mode,-0.019583,0.000000,0.019583,0.000000,1.000000
1.100000,Dutch Roll,-1.319163,6.691126,6.819924,6.691126,0.193428
1.100000,Dutch Roll,-1.319163,-6.691126,6.819924,6.691126,0.193428
1.100000,Roll,-5.292274,0.000000,5.292274,0.000000,1.000000
1.100000,Spiral,0.085741,0.000000,0.085741,0.000000,-1.000000
1.110000,Short Period,-14.559982,10.867285,18.168405,10.867285,0.801390
1.110000,Short Period,-14.559982,-10.867285,18.168405,10.867285,0.801390
1.110000,Real Mode,-0.083770,0.000000,0.083770,0.000000,1.000000
1.110000,Real Mode,-0.018449,0.000000,0.018449,0.000000,1.000000
1.110000,Dutch Roll,-1.319383,6.733811,6.861850,6.733811,0.192278
1.110000,Dutch Roll,-1.319383,-6.733811,6.861850,6.733811,0.192278
1.110000,Roll,-5.363223,0.000000,5.363223,0.000000,1.000000
1.110000,Spiral,0.085118,0.000000,0.085118,0.000000,-1.000000
1.120000,Short Period,-14.691391,10.965537,18.332484,10.965537,0.801386
1.120000,Short Period,-14.691391,-10.965537,18.332484,10.965537,0.801386
1.120000,Real Mode,-0.087135,0.000000,0.087135,0.000000,1.000000
1.120000,Real Mode,-0.017432,0.000000,0.017432,0.000000,1.000000
1.120000,Dutch Roll,-1.319733,6.776779,6.904087,6.776779,0.191152
1.120000,Dutch Roll,-1.319733,-6.776779,6.904087,6.776779,0.191152
1.120000,Roll,-5.433921,0.000000,5.433921,0.000000,1.000000
1.120000,Spiral,0.084503,0.000000,0.084503,0.000000,-1.000000
1.130000,Short Period,-14.822804,11.063795,18.496569,11.063795,0.801381
1.130000,Short Period,-14.822804,-11.063795,18.496569,11.063795,0.801381
1.130000,Real Mode,-0.090430,0.000000,0.090430,0.000000,1.000000
1.130000,Real Mode,-0.016511,0.000000,0.016511,0.000000,1.000000
1.130000,Dutch Roll,-1.320211,6.820017,6.946625,6.820017,0.190051
1.130000,Dutch Roll,-1.320211,-6.820017,6.946625,6.820017,0.190051
1.130000,Roll,-5.504375,0.000000,5.504375,0.000000,1.000000
1.130000,Spiral,0.083895,0.000000,0.083895,0.000000,-1.000000
1.140000,Short Period,-14.954221,11.162059,18.660661,11.162059,0.801377
1.140000,Short Period,-14.954221,-11.162059,18.660661,11.162059,0.801377
1.140000,Real Mode,-0.093669,0.000000,0.093669,0.000000,1.000000
1.140000,Real Mode,-0.015672,0.000000,0.015672,0.000000,1.000000
1.140000,Dutch Roll,-1.320814,6.863517,6.989450,6.863517,0.188973
1.140000,Dutch Roll,-1.320814,-6.863517,6.989450,6.863517,0.188973
1.140000,Roll,-5.574589,0.000000,5.574589,0.000000,1.000000
1.140000,Spiral,0.083295,0.000000,0.083295,0.000000,-1.000000
1.150000,Short Period,-15.085642,11.260329,18.824761,11.260329,0.801372
1.150000,Short Period,-15.085642,-11.260329,18.824761,11.260329,0.801372
1.150000,Real Mode,-0.096864,0.000000,0.096864,0.000000,1.000000
1.150000,Real Mode,-0.014901,0.000000,0.014901,0.000000,1.000000
1.150000,Dutch Roll,-1.321540,6.907267,7.032554,6.907267,0.187918
1.150000,Dutch Roll,-1.321540,-6.907267,7.032554,6.907267,0.187918
1.150000,Roll,-5.644569,0.000000,5.644569,0.000000,1.000000
1.150000,Spiral,0.082703,0.000000,0.082703,0.000000,-1.000000
1.160000,Short Period,-15.217068,11.358606,18.988867,11.358606,0.801368
1.160000,Short Period,-15.217068,-11.358606,18.988867,11.358606,0.801368
1.160000,Real Mode,-0.100024,0.000000,0.100024,0.000000,1.000000
1.160000,Real Mode,-0.014192,0.000000,0.014192,0.000000,1.000000
1.160000,Dutch Roll,-1.322386,6.951260,7.075925,6.951260,0.186885
1.160000,Dutch Roll,-1.322386,-6.951260,7.075925,6.951260,0.186885
1.160000,Roll,-5.714319,0.000000,5.714319,0.000000,1.000000
1.160000,Spiral,0.082118,0.000000,0.082118,0.000000,-1.000000
1.170000,Short Period,-15.348498,11.456889,19.152981,11.456889,0.801363
1.170000,Short Period,-15.348498,-11.456889,19.152981,11.456889,0.801363
1.170000,Real Mode,-0.103157,0.000000,0.103157,0.000000,1.000000
1.170000,Real Mode,-0.013535,0.000000,0.013535,0.000000,1.000000
1.170000,Dutch Roll,-1.323350,6.995484,7.119554,6.995484,0.185875
1.170000,Dutch Roll,-1.323350,-6.995484,7.119554,6.995484,0.185875
1.170000,Roll,-5.783845,0.000000,5.783845,0.000000,1.000000
1.170000,Spiral,0.081540,0.000000,0.081540,0.000000,-1.000000
1.180000,Short Period,-15.479932,11.555178,19.317102,11.555178,0.801359
1.180000,Short Period,-15.479932,-11.555178,19.317102,11.555178,0.801359
1.180000,Real Mode,-0.106268,0.000000,0.106268,0.000000,1.000000
1.180000,Real Mode,-0.012925,0.000000,0.012925,0.000000,1.000000
1.180000,Dutch Roll,-1.324430,7.039933,7.163433,7.039933,0.184888
1.180000,Dutch Roll,-1.324430,-7.039933,7.163433,7.039933,0.184888
1.180000,Roll,-5.853151,0.000000,5.853151,0.000000,1.000000
1.180000,Spiral,0.080969,0.000000,0.080969,0.000000,-1.000000
1.190000,Short Period,-15.611371,11.653473,19.481230,11.653473,0.801354
1.190000,Short Period,-15.611371,-11.653473,19.481230,11.653473,0.801354
1.190000,Real Mode,-0.109363,0.000000,0.109363,0.000000,1.000000
1.190000,Real Mode,-0.012357,0.000000,0.012357,0.000000,1.000000
1.190000,Dutch Roll,-1.325622,7.084597,7.207551,7.084597,0.183921
1.190000,Dutch Roll,-1.325622,-7.084597,7.207551,7.084597,0.183921
1.190000,Roll,-5.922243,0.000000,5.922243,0.000000,1.000000
1.190000,Spiral,0.080405,0.000000,0.080405,0.000000,-1.000000
1.200000,Short Period,-15.742813,11.751774,19.645365,11.751774,0.801350
1.200000,Short Period,-15.742813,-11.751774,19.645365,11.751774,0.801350
1.200000,Real Mode,-0.081120,0.000000,0.081120,0.000000,1.000000
1.200000,Real Mode,-0.016392,0.000000,0.016392,0.000000,1.000000
1.200000,Dutch Roll,-1.326924,7.129469,7.251900,7.129469,0.182976
1.200000,Dutch Roll,-1.326924,-7.129469,7.251900,7.129469,0.182976
1.200000,Roll,-5.991126,0.000000,5.991126,0.000000,1.000000
1.200000,Spiral,0.079848,0.000000,0.079848,0.000000,-1.000000
1.210000,Short Period,-15.874036,11.849753,19.809130,11.849753,0.801349
1.210000,Short Period,-15.874036,-11.849753,19.809130,11.849753,0.801349
1.210000,Phugoid,-0.035768,0.005351,0.036166,0.005351,0.988992
1.210000,Phugoid,-0.035768,-0.005351,0.036166,0.005351,0.988992
1.210000,Dutch Roll,-1.327798,7.173942,7.295786,7.173942,0.181995
1.210000,Dutch Roll,-1.327798,-7.173942,7.295786,7.173942,0.181995
1.210000,Roll,-6.060440,0.000000,6.060440,0.000000,1.000000
1.210000,Spiral,0.079305,0.000000,0.079305,0.000000,-1.000000
1.220000,Short Period,-16.005258,11.947732,19.972896,11.947732,0.801349
1.220000,Short Period,-16.005258,-11.947732,19.972896,11.947732,0.801349
1.220000,Real Mode,-0.040729,0.000000,0.040729,0.000000,1.000000
1.220000,Real Mode,-0.031591,0.000000,0.031591,0.000000,1.000000
1.220000,Dutch Roll,-1.328780,7.218621,7.339901,7.218621,0.181035
1.220000,Dutch Roll,-1.328780,-7.218621,7.339901,7.218621,0.181035
1.220000,Roll,-6.129541,0.000000,6.129541,0.000000,1.000000
1.220000,Spiral,0.078768,0.000000,0.078768,0.000000,-1.000000
1.230000,Short Period,-16.136482,12.045712,20.136663,12.045712,0.801348
1.230000,Short Period,-16.136482,-12.045712,20.136663,12.045712,0.801348
1.230000,Real Mode,-0.044939,0.000000,0.044939,0.000000,1.000000
1.230000,Real Mode,-0.028170,0.000000,0.028170,0.000000,1.000000
1.230000,Dutch Roll,-1.329867,7.263499,7.384237,7.263499,0.180095
1.230000,Dutch Roll,-1.329867,-7.263499,7.384237,7.263499,0.180095
1.230000,Roll,-6.198435,0.000000,6.198435,0.000000,1.000000
1.230000,Spiral,0.078238,0.000000,0.078238,0.000000,-1.000000
1.240000,Short Period,-16.267705,12.143693,20.300431,12.143693,0.801348
1.240000,Short Period,-16.267705,-12.143693,20.300431,12.143693,0.801348
1.240000,Real Mode,-0.047889,0.000000,0.047889,0.000000,1.000000
1.240000,Real Mode,-0.026012,0.000000,0.026012,0.000000,1.000000
1.240000,Dutch Roll,-1.331058,7.308568,7.428788,7.308568,0.179176
1.240000,Dutch Roll,-1.331058,-7.308568,7.428788,7.308568,0.179176
1.240000,Roll,-6.267127,0.000000,6.267127,0.000000,1.000000
1.240000,Spiral,0.077714,0.000000,0.077714,0.000000,-1.000000
1.250000,Short Period,-16.398930,12.241674,20.464200,12.241674,0.801347
1.250000,Short Period,-16.398930,-12.241674,20.464200,12.241674,0.801347
1.250000,Real Mode,-0.050346,0.000000,0.050346,0.000000,1.000000
1.250000,Real Mode,-0.024350,0.000000,0.024350,0.000000,1.000000
1.250000,Dutch Roll,-1.332349,7.353823,7.473544,7.353823,0.178275
1.250000,Dutch Roll,-1.332349,-7.353823,7.473544,7.353823,0.178275
1.250000,Roll,-6.335620,0.000000,6.335620,0.000000,1.000000
1.250000,Spiral,0.077196,0.000000,0.077196,0.000000,-1.000000
1.260000,Short Period,-16.530155,12.339657,20.627970,12.339657,0.801347
1.260000,Short Period,-16.530155,-12.339657,20.627970,12.339657,0.801347
1.260000,Real Mode,-0.052520,0.000000,0.052520,0.000000,1.000000
1.260000,Real Mode,-0.022975,0.000000,0.022975,0.000000,1.000000
1.260000,Dutch Roll,-1.333739,7.399256,7.518501,7.399256,0.177394
1.260000,Dutch Roll,-1.333739,-7.399256,7.518501,7.399256,0.177394
1.260000,Roll,-6.403921,0.000000,6.403921,0.000000,1.000000
1.260000,Spiral,0.076685,0.000000,0.076685,0.000000,-1.000000
1.270000,Short Period,-16.661380,12.437640,20.791740,12.437640,0.801346
1.270000,Short Period,-16.661380,-12.437640,20.791740,12.437640,0.801346
1.270000,Real Mode,-0.054503,0.000000,0.054503,0.000000,1.000000
1.270000,Real Mode,-0.021794,0.000000,0.021794,0.000000,1.000000
1.270000,Dutch Roll,-1.335225,7.444862,7.563650,7.444862,0.176532
1.270000,Dutch Roll,-1.335225,-7.444862,7.563650,7.444862,0.176532
1.270000,Roll,-6.472034,0.000000,6.472034,0.000000,1.000000
1.270000,Spiral,0.076179,0.000000,0.076179,0.000000,-1.000000
1.280000,Short Period,-16.792606,12.535624,20.955512,12.535624,0.801346
1.280000,Short Period,-16.792606,-12.535624,20.955512,12.535624,0.801346
1.280000,Real Mode,-0.056348,0.000000,0.056348,0.000000,1.000000
1.280000,Real Mode,-0.020754,0.000000,0.020754,0.000000,1.000000
1.280000,Dutch Roll,-1.336804,7.490635,7.608985,7.490635,0.175688
1.280000,Dutch Roll,-1.336804,-7.490635,7.608985,7.490635,0.175688
1.280000,Roll,-6.539962,0.000000,6.539962,0.000000,1.000000
1.280000,Spiral,0.075679,0.000000,0.075679,0.000000,-1.000000
1.290000,Short Period,-16.923832,12.633609,21.119284,12.633609,0.801345
1.290000,Short Period,-16.923832,-12.633609,21.119284,12.633609,0.801345
1.290000,Real Mode,-0.058086,0.000000,0.058086,0.000000,1.000000
1.290000,Real Mode,-0.019823,0.000000,0.019823,0.000000,1.000000
1.290000,Dutch Roll,-1.338475,7.536569,7.654501,7.536569,0.174861
1.290000,Dutch Roll,-1.338475,-7.536569,7.654501,7.536569,0.174861
1.290000,Roll,-6.607712,0.000000,6.607712,0.000000,1.000000
1.290000,Spiral,0.075185,0.000000,0.075185,0.000000,-1.000000
1.300000,Short Period,-17.055059,12.731594,21.283057,12.731594,0.801344
1.300000,Short Period,-17.055059,-12.731594,21.283057,12.731594,0.801344
1.300000,Real Mode,-0.059740,0.000000,0.059740,0.000000,1.000000
1.300000,Real Mode,-0.018980,0.000000,0.018980,0.000000,1.000000
1.300000,Dutch Roll,-1.340235,7.582658,7.700191,7.582658,0.174052
1.300000,Dutch Roll,-1.340235,-7.582658,7.700191,7.582658,0.174052
1.300000,Roll,-6.675287,0.000000,6.675287,0.000000,1.000000
1.300000,Spiral,0.074697,0.000000,0.074697,0.000000,-1.000000
1.310000,Short Period,-17.186287,12.829580,21.446832,12.829580,0.801344
1.310000,Short Period,-17.186287,-12.829580,21.446832,12.829580,0.801344
1.310000,Real Mode,-0.061325,0.000000,0.061325,0.000000,1.000000
1.310000,Real Mode,-0.018210,0.000000,0.018210,0.000000,1.000000
1.310000,Dutch Roll,-1.342083,7.628898,7.746049,7.628898,0.173260
1.310000,Dutch Roll,-1.342083,-7.628898,7.746049,7.628898,0.173260
1.310000,Roll,-6.742691,0.000000,6.742691,0.000000,1.000000
1.310000,Spiral,0.074214,0.000000,0.074214,0.000000,-1.000000
1.320000,Short Period,-17.317515,12.927567,21.610607,12.927567,0.801343
1.320000,Short Period,-17.317515,-12.927567,21.610607,12.927567,0.801343
1.320000,Real Mode,-0.062851,0.000000,0.062851,0.000000,1.000000
1.320000,Real Mode,-0.017501,0.000000,0.017501,0.000000,1.000000
1.320000,Dutch Roll,-1.344016,7.675284,7.792071,7.675284,0.172485
1.320000,Dutch Roll,-1.344016,-7.675284,7.792071,7.675284,0.172485
1.320000,Roll,-6.809930,0.000000,6.809930,0.000000,1.000000
1.320000,Spiral,0.073737,0.000000,0.073737,0.000000,-1.000000
1.330000,Short Period,-17.448743,13.025555,21.774382,13.025555,0.801343
1.330000,Short Period,-17.448743,-13.025555,21.774382,13.025555,0.801343
1.330000,Real Mode,-0.064329,0.000000,0.064329,0.000000,1.000000
1.330000,Real Mode,-0.016844,0.000000,0.016844,0.000000,1.000000
1.330000,Dutch Roll,-1.346031,7.721811,7.838251,7.721811,0.171726
1.330000,Dutch Roll,-1.346031,-7.721811,7.838251,7.721811,0.171726
1.330000,Roll,-6.877005,0.000000,6.877005,0.000000,1.000000
1.330000,Spiral,0.073266,0.000000,0.073266,0.000000,-1.000000
1.340000,Short Period,-17.579972,13.123544,21.938159,13.123544,0.801342
1.340000,Short Period,-17.579972,-13.123544,21.938159,13.123544,0.801342
1.340000,Real Mode,-0.065764,0.000000,0.065764,0.000000,1.000000
1.340000,Real Mode,-0.016233,0.000000,0.016233,0.000000,1.000000
1.340000,Dutch Roll,-1.348128,7.768475,7.884583,7.768475,0.170983
1.340000,Dutch Roll,-1.348128,-7.768475,7.884583,7.768475,0.170983
1.340000,Roll,-6.943923,0.000000,6.943923,0.000000,1.000000
1.340000,Spiral,0.072800,0.000000,0.072800,0.000000,-1.000000
1.350000,Short Period,-17.711202,13.221533,22.101937,13.221533,0.801342
1.350000,Short Period,-17.711202,-13.221533,22.101937,13.221533,0.801342
1.350000,Real Mode,-0.067162,0.000000,0.067162,0.000000,1.000000
1.350000,Real Mode,-0.015661,0.000000,0.015661,0.000000,1.000000
1.350000,Dutch Roll,-1.350304,7.815271,7.931064,7.815271,0.170255
1.350000,Dutch Roll,-1.350304,-7.815271,7.931064,7.815271,0.170255
1.350000,Roll,-7.010686,0.000000,7.010686,0.000000,1.000000
1.350000,Spiral,0.072339,0.000000,0.072339,0.000000,-1.000000
1.360000,Short Period,-17.842432,13.319523,22.265716,13.319523,0.801341
1.360000,Short Period,-17.842432,-13.319523,22.265716,13.319523,0.801341
1.360000,Real Mode,-0.068529,0.000000,0.068529,0.000000,1.000000
1.360000,Real Mode,-0.015125,0.000000,0.015125,0.000000,1.000000
1.360000,Dutch Roll,-1.352558,7.862194,7.977689,7.862194,0.169543
1.360000,Dutch Roll,-1.352558,-7.862194,7.977689,7.862194,0.169543
1.360000,Roll,-7.077298,0.000000,7.077298,0.000000,1.000000
1.360000,Spiral,0.071884,0.000000,0.071884,0.000000,-1.000000
1.370000,Short Period,-17.973663,13.417514,22.429495,13.417514,0.801341
1.370000,Short Period,-17.973663,-13.417514,22.429495,13.417514,0.801341
1.370000,Real Mode,-0.069866,0.000000,0.069866,0.000000,1.000000
1.370000,Real Mode,-0.014621,0.000000,0.014621,0.000000,1.000000
1.370000,Dutch Roll,-1.354887,7.909242,8.024452,7.909242,0.168845
1.370000,Dutch Roll,-1.354887,-7.909242,8.024452,7.909242,0.168845
1.370000,Roll,-7.143764,0.000000,7.143764,0.000000,1.000000
1.370000,Spiral,0.071433,0.000000,0.071433,0.000000,-1.000000
1.380000,Short Period,-18.104894,13.515506,22.593275,13.515506,0.801340
1.380000,Short Period,-18.104894,-13.515506,22.593275,13.515506,0.801340
1.380000,Real Mode,-0.071179,0.000000,0.071179,0.000000,1.000000
1.380000,Real Mode,-0.014145,0.000000,0.014145,0.000000,1.000000
1.380000,Dutch Roll,-1.357290,7.956411,8.071351,7.956411,0.168161
1.380000,Dutch Roll,-1.357290,-7.956411,8.071351,7.956411,0.168161
1.380000,Roll,-7.210086,0.000000,7.210086,0.000000,1.000000
1.380000,Spiral,0.070988,0.000000,0.070988,0.000000,-1.000000
1.390000,Short Period,-18.236126,13.613499,22.757057,13.613499,0.801339
1.390000,Short Period,-18.236126,-13.613499,22.757057,13.613499,0.801339
1.390000,Real Mode,-0.072468,0.000000,0.072468,0.000000,1.000000
1.390000,Real Mode,-0.013695,0.000000,0.013695,0.000000,1.000000
1.390000,Dutch Roll,-1.359764,8.003696,8.118381,8.003696,0.167492
1.390000,Dutch Roll,-1.359764,-8.003696,8.118381,8.003696,0.167492
1.390000,Roll,-7.276268,0.000000,7.276268,0.000000,1.000000
1.390000,Spiral,0.070548,0.000000,0.070548,0.000000,-1.000000
1.400000,Short Period,-18.367358,13.711492,22.920839,13.711492,0.801339
1.400000,Short Period,-18.367358,-13.711492,22.920839,13.711492,0.801339
1.400000,Real Mode,-0.073738,0.000000,0.073738,0.000000,1.000000
1.400000,Real Mode,-0.013269,0.000000,0.013269,0.000000,1.000000
1.400000,Dutch Roll,-1.362309,8.051094,8.165537,8.051094,0.166836
1.400000,Dutch Roll,-1.362309,-8.051094,8.165537,8.051094,0.166836
1.400000,Roll,-7.342313,0.000000,7.342313,0.000000,1.000000
1.400000,Spiral,0.070113,0.000000,0.070113,0.000000,-1.000000
1.410000,Short Period,-18.498591,13.809486,23.084622,13.809486,0.801338
1.410000,Short Period,-18.498591,-13.809486,23.084622,13.809486,0.801338
1.410000,Real Mode,-0.074988,0.000000,0.074988,0.000000,1.000000
1.410000,Real Mode,-0.012864,0.000000,0.012864,0.000000,1.000000
1.410000,Dutch Roll,-1.364923,8.098601,8.212817,8.098601,0.166194
1.410000,Dutch Roll,-1.364923,-8.098601,8.212817,8.098601,0.166194
1.410000,Roll,-7.408226,0.000000,7.408226,0.000000,1.000000
1.410000,Spiral,0.069683,0.000000,0.069683,0.000000,-1.000000
1.420000,Short Period,-18.629824,13.907481,23.248406,13.907481,0.801338
1.420000,Short Period,-18.629824,-13.907481,23.248406,13.907481,0.801338
1.420000,Real Mode,-0.076223,0.000000,0.076223,0.000000,1.000000
1.420000,Real Mode,-0.012479,0.000000,0.012479,0.000000,1.000000
1.420000,Dutch Roll,-1.367603,8.146216,8.260216,8.146216,0.165565
1.420000,Dutch Roll,-1.367603,-8.146216,8.260216,8.146216,0.165565
1.420000,Roll,-7.474008,0.000000,7.474008,0.000000,1.000000
1.420000,Spiral,0.069257,0.000000,0.069257,0.000000,-1.000000
1.430000,Short Period,-18.761058,14.005476,23.412191,14.005476,0.801337
1.430000,Short Period,-18.761058,-14.005476,23.412191,14.005476,0.801337
1.430000,Real Mode,-0.077442,0.000000,0.077442,0.000000,1.000000
1.430000,Real Mode,-0.012112,0.000000,0.012112,0.000000,1.000000
1.430000,Dutch Roll,-1.370350,8.193934,8.307732,8.193934,0.164949
1.430000,Dutch Roll,-1.370350,-8.193934,8.307732,8.193934,0.164949
1.430000,Roll,-7.539664,0.000000,7.539664,0.000000,1.000000
1.430000,Spiral,0.068836,0.000000,0.068836,0.000000,-1.000000
1.440000,Short Period,-18.892293,14.103473,23.575976,14.103473,0.801337
1.440000,Short Period,-18.892293,-14.103473,23.575976,14.103473,0.801337
1.440000,Real Mode,-0.078648,0.000000,0.078648,0.000000,1.000000
1.440000,Real Mode,-0.011763,0.000000,0.011763,0.000000,1.000000
1.440000,Dutch Roll,-1.373159,8.241752,8.355360,8.241752,0.164345
1.440000,Dutch Roll,-1.373159,-8.241752,8.355360,8.241752,0.164345
1.440000,Roll,-7.605195,0.000000,7.605195,0.000000,1.000000
1.440000,Spiral,0.068420,0.000000,0.068420,0.000000,-1.000000
1.450000,Short Period,-19.023527,14.201470,23.739763,14.201470,0.801336
1.450000,Short Period,-19.023527,-14.201470,23.739763,14.201470,0.801336
1.450000,Real Mode,-0.079841,0.000000,0.079841,0.000000,1.000000
1.450000,Real Mode,-0.011428,0.000000,0.011428,0.000000,1.000000
1.450000,Dutch Roll,-1.376032,8.289668,8.403098,8.289668,0.163753
1.450000,Dutch Roll,-1.376032,-8.289668,8.403098,8.289668,0.163753
1.450000,Roll,-7.670606,0.000000,7.670606,0.000000,1.000000
1.450000,Spiral,0.068009,0.000000,0.068009,0.000000,-1.000000
1.460000,Short Period,-19.154763,14.299468,23.903550,14.299468,0.801335
1.460000,Short Period,-19.154763,-14.299468,23.903550,14.299468,0.801335
1.460000,Real Mode,-0.081022,0.000000,0.081022,0.000000,1.000000
1.460000,Real Mode,-0.011109,0.000000,0.011109,0.000000,1.000000
1.460000,Dutch Roll,-1.378965,8.337678,8.450942,8.337678,0.163173
1.460000,Dutch Roll,-1.378965,-8.337678,8.450942,8.337678,0.163173
1.460000,Roll,-7.735899,0.000000,7.735899,0.000000,1.000000
1.460000,Spiral,0.067602,0.000000,0.067602,0.000000,-1.000000
1.470000,Short Period,-19.285999,14.397466,24.067339,14.397466,0.801335
1.470000,Short Period,-19.285999,-14.397466,24.067339,14.397466,0.801335
1.470000,Real Mode,-0.082193,0.000000,0.082193,0.000000,1.000000
1.470000,Real Mode,-0.010803,0.000000,0.010803,0.000000,1.000000
1.470000,Dutch Roll,-1.381958,8.385781,8.498890,8.385781,0.162605
1.470000,Dutch Roll,-1.381958,-8.385781,8.498890,8.385781,0.162605
1.470000,Roll,-7.801076,0.000000,7.801076,0.000000,1.000000
1.470000,Spiral,0.067199,0.000000,0.067199,0.000000,-1.000000
1.480000,Short Period,-19.417235,14.495466,24.231128,14.495466,0.801334
1.480000,Short Period,-19.417235,-14.495466,24.231128,14.495466,0.801334
1.480000,Real Mode,-0.083355,0.000000,0.083355,0.000000,1.000000
1.480000,Real Mode,-0.010510,0.000000,0.010510,0.000000,1.000000
1.480000,Dutch Roll,-1.385009,8.433973,8.546938,8.433973,0.162047
1.480000,Dutch Roll,-1.385009,-8.433973,8.546938,8.433973,0.162047
1.480000,Roll,-7.866141,0.000000,7.866141,0.000000,1.000000
1.480000,Spiral,0.066801,0.000000,0.066801,0.000000,-1.000000
1.490000,Short Period,-19.548473,14.593466,24.394918,14.593466,0.801334
1.490000,Short Period,-19.548473,-14.593466,24.394918,14.593466,0.801334
1.490000,Real Mode,-0.084508,0.000000,0.084508,0.000000,1.000000
1.490000,Real Mode,-0.010228,0.000000,0.010228,0.000000,1.000000
1.490000,Dutch Roll,-1.388117,8.482252,8.595084,8.482252,0.161501
1.490000,Dutch Roll,-1.388117,-8.482252,8.595084,8.482252,0.161501
1.490000,Roll,-7.931097,0.000000,7.931097,0.000000,1.000000
1.490000,Spiral,0.066408,0.000000,0.066408,0.000000,-1.000000
1.500000,Short Period,-19.679710,14.691467,24.558709,14.691467,0.801333
1.500000,Short Period,-19.679710,-14.691467,24.558709,14.691467,0.801333
1.500000,Real Mode,-0.085653,0.000000,0.085653,0.000000,1.000000
1.500000,Real Mode,-0.009958,0.000000,0.009958,0.000000,1.000000
1.500000,Dutch Roll,-1.391281,8.530617,8.643326,8.530617,0.160966
1.500000,Dutch Roll,-1.391281,-8.530617,8.643326,8.530617,0.160966
1.500000,Roll,-7.995945,0.000000,7.995945,0.000000,1.000000
1.500000,Spiral,0.066018,0.000000,0.066018,0.000000,-1.000000
1.510000,Short Period,-19.810948,14.789469,24.722501,14.789469,0.801333
1.510000,Short Period,-19.810948,-14.789469,24.722501,14.789469,0.801333
1.510000,Real Mode,-0.086790,0.000000,0.086790,0.000000,1.000000
1.510000,Real Mode,-0.009699,0.000000,0.009699,0.000000,1.000000
1.510000,Dutch Roll,-1.394499,8.579063,8.691660,8.579063,0.160441
1.510000,Dutch Roll,-1.394499,-8.579063,8.691660,8.579063,0.160441
1.510000,Roll,-8.060688,0.000000,8.060688,0.000000,1.000000
1.510000,Spiral,0.065633,0.000000,0.065633,0.000000,-1.000000
1.520000,Short Period,-19.942187,14.887471,24.886294,14.887471,0.801332
1.520000,Short Period,-19.942187,-14.887471,24.886294,14.887471,0.801332
1.520000,Real Mode,-0.087921,0.000000,0.087921,0.000000,1.000000
1.520000,Real Mode,-0.009449,0.000000,0.009449,0.000000,1.000000
1.520000,Dutch Roll,-1.397770,8.627590,8.740084,8.627590,0.159926
1.520000,Dutch Roll,-1.397770,-8.627590,8.740084,8.627590,0.159926
1.520000,Roll,-8.125329,0.000000,8.125329,0.000000,1.000000
1.520000,Spiral,0.065252,0.000000,0.065252,0.000000,-1.000000
1.530000,Short Period,-20.073426,14.985475,25.050088,14.985475,0.801332
1.530000,Short Period,-20.073426,-14.985475,25.050088,14.985475,0.801332
1.530000,Real Mode,-0.089046,0.000000,0.089046,0.000000,1.000000
1.530000,Real Mode,-0.009209,0.000000,0.009209,0.000000,1.000000
1.530000,Dutch Roll,-1.401093,8.676194,8.788596,8.676194,0.159422
1.530000,Dutch Roll,-1.401093,-8.676194,8.788596,8.676194,0.159422
1.530000,Roll,-8.189870,0.000000,8.189870,0.000000,1.000000
1.530000,Spiral,0.064875,0.000000,0.064875,0.000000,-1.000000
1.540000,Short Period,-20.204666,15.083479,25.213882,15.083479,0.801331
1.540000,Short Period,-20.204666,-15.083479,25.213882,15.083479,0.801331
1.540000,Real Mode,-0.090164,0.000000,0.090164,0.000000,1.000000
1.540000,Real Mode,-0.008978,0.000000,0.008978,0.000000,1.000000
1.540000,Dutch Roll,-1.404467,8.724875,8.837193,8.724875,0.158927
1.540000,Dutch Roll,-1.404467,-8.724875,8.837193,8.724875,0.158927
1.540000,Roll,-8.254313,0.000000,8.254313,0.000000,1.000000
1.540000,Spiral,0.064502,0.000000,0.064502,0.000000,-1.000000
1.550000,Short Period,-20.335906,15.181484,25.377678,15.181484,0.801330
1.550000,Short Period,-20.335906,-15.181484,25.377678,15.181484,0.801330
1.550000,Real Mode,-0.091278,0.000000,0.091278,0.000000,1.000000
1.550000,Real Mode,-0.008755,0.000000,0.008755,0.000000,1.000000
1.550000,Dutch Roll,-1.407891,8.773630,8.885873,8.773630,0.158441
1.550000,Dutch Roll,-1.407891,-8.773630,8.885873,8.773630,0.158441
1.550000,Roll,-8.318661,0.000000,8.318661,0.000000,1.000000
1.550000,Spiral,0.064133,0.000000,0.064133,0.000000,-1.000000
1.560000,Short Period,-20.467147,15.279489,25.541474,15.279489,0.801330
1.560000,Short Period,-20.467147,-15.279489,25.541474,15.279489,0.801330
1.560000,Real Mode,-0.092387,0.000000,0.092387,0.000000,1.000000
1.560000,Real Mode,-0.008540,0.000000,0.008540,0.000000,1.000000
1.560000,Dutch Roll,-1.411363,8.822457,8.934634,8.822457,0.157965
1.560000,Dutch Roll,-1.411363,-8.822457,8.934634,8.822457,0.157965
1.560000,Roll,-8.382915,0.000000,8.382915,0.000000,1.000000
1.560000,Spiral,0.063767,0.000000,0.063767,0.000000,-1.000000
1.570000,Short Period,-20.598388,15.377496,25.705271,15.377496,0.801329
1.570000,Short Period,-20.598388,-15.377496,25.705271,15.377496,0.801329
1.570000,Real Mode,-0.093491,0.000000,0.093491,0.000000,1.000000
1.570000,Real Mode,-0.008332,0.000000,0.008332,0.000000,1.000000
1.570000,Dutch Roll,-1.414882,8.871354,8.983475,8.871354,0.157498
1.570000,Dutch Roll,-1.414882,-8.871354,8.983475,8.871354,0.157498
1.570000,Roll,-8.447078,0.000000,8.447078,0.000000,1.000000
1.570000,Spiral,0.063406,0.000000,0.063406,0.000000,-1.000000
1.580000,Short Period,-20.729630,15.475503,25.869070,15.475503,0.801329
1.580000,Short Period,-20.729630,-15.475503,25.869070,15.475503,0.801329
1.580000,Real Mode,-0.094592,0.000000,0.094592,0.000000,1.000000
1.580000,Real Mode,-0.008132,0.000000,0.008132,0.000000,1.000000
1.580000,Dutch Roll,-1.418448,8.920320,9.032392,8.920320,0.157040
1.580000,Dutch Roll,-1.418448,-8.920320,9.032392,8.920320,0.157040
1.580000,Roll,-8.511153,0.000000,8.511153,0.000000,1.000000
1.580000,Spiral,0.063049,0.000000,0.063049,0.000000,-1.000000
1.590000,Short Period,-20.860872,15.573511,26.032869,15.573511,0.801328
1.590000,Short Period,-20.860872,-15.573511,26.032869,15.573511,0.801328
1.590000,Real Mode,-0.095689,0.000000,0.095689,0.000000,1.000000
1.590000,Real Mode,-0.007939,0.000000,0.007939,0.000000,1.000000
1.590000,Dutch Roll,-1.422059,8.969352,9.081384,8.969352,0.156591
1.590000,Dutch Roll,-1.422059,-8.969352,9.081384,8.969352,0.156591
1.590000,Roll,-8.575140,0.000000,8.575140,0.000000,1.000000
1.590000,Spiral,0.062695,0.000000,0.062695,0.000000,-1.000000
1.600000,Short Period,-20.992115,15.671520,26.196669,15.671520,0.801328
1.600000,Short Period,-20.992115,-15.671520,26.196669,15.671520,0.801328
1.600000,Real Mode,-0.096782,0.000000,0.096782,0.000000,1.000000
1.600000,Real Mode,-0.007752,0.000000,0.007752,0.000000,1.000000
1.600000,Dutch Roll,-1.425715,9.018450,9.130449,9.018450,0.156150
1.600000,Dutch Roll,-1.425715,-9.018450,9.130449,9.018450,0.156150
1.600000,Roll,-8.639041,0.000000,8.639041,0.000000,1.000000
1.600000,Spiral,0.062345,0.000000,0.062345,0.000000,-1.000000
1.610000,Short Period,-21.123359,15.769529,26.360469,15.769529,0.801327
1.610000,Short Period,-21.123359,-15.769529,26.360469,15.769529,0.801327
1.610000,Real Mode,-0.097873,0.000000,0.097873,0.000000,1.000000
1.610000,Real Mode,-0.007571,0.000000,0.007571,0.000000,1.000000
1.610000,Dutch Roll,-1.429415,9.067611,9.179586,9.067611,0.155717
1.610000,Dutch Roll,-1.429415,-9.067611,9.179586,9.067611,0.155717
1.610000,Roll,-8.702860,0.000000,8.702860,0.000000,1.000000
1.610000,Spiral,0.061999,0.000000,0.061999,0.000000,-1.000000
1.620000,Short Period,-21.254603,15.867540,26.524271,15.867540,0.801327
1.620000,Short Period,-21.254603,-15.867540,26.524271,15.867540,0.801327
1.620000,Real Mode,-0.098961,0.000000,0.098961,0.000000,1.000000
1.620000,Real Mode,-0.007396,0.000000,0.007396,0.000000,1.000000
1.620000,Dutch Roll,-1.433156,9.116834,9.228792,9.116834,0.155292
1.620000,Dutch Roll,-1.433156,-9.116834,9.228792,9.116834,0.155292
1.620000,Roll,-8.766597,0.000000,8.766597,0.000000,1.000000
1.620000,Spiral,0.061656,0.000000,0.061656,0.000000,-1.000000
1.630000,Short Period,-21.385847,15.965551,26.688074,15.965551,0.801326
1.630000,Short Period,-21.385847,-15.965551,26.688074,15.965551,0.801326
1.630000,Real Mode,-0.100046,0.000000,0.100046,0.000000,1.000000
1.630000,Real Mode,-0.007227,0.000000,0.007227,0.000000,1.000000
1.630000,Dutch Roll,-1.436940,9.166117,9.278066,9.166117,0.154875
1.630000,Dutch Roll,-1.436940,-9.166117,9.278066,9.166117,0.154875
1.630000,Roll,-8.830255,0.000000,8.830255,0.000000,1.000000
1.630000,Spiral,0.061317,0.000000,0.061317,0.000000,-1.000000
1.640000,Short Period,-21.517092,16.063563,26.851877,16.063563,0.801325
1.640000,Short Period,-21.517092,-16.063563,26.851877,16.063563,0.801325
1.640000,Real Mode,-0.101129,0.000000,0.101129,0.000000,1.000000
1.640000,Real Mode,-0.007063,0.000000,0.007063,0.000000,1.000000
1.640000,Dutch Roll,-1.440764,9.215460,9.327406,9.215460,0.154466
1.640000,Dutch Roll,-1.440764,-9.215460,9.327406,9.215460,0.154466
1.640000,Roll,-8.893834,0.000000,8.893834,0.000000,1.000000
1.640000,Spiral,0.060981,0.000000,0.060981,0.000000,-1.000000
1.650000,Short Period,-21.648338,16.161575,27.015682,16.161575,0.801325
1.650000,Short Period,-21.648338,-16.161575,27.015682,16.161575,0.801325
1.650000,Real Mode,-0.102211,0.000000,0.102211,0.000000,1.000000
1.650000,Real Mode,-0.006905,0.000000,0.006905,0.000000,1.000000
1.650000,Dutch Roll,-1.444629,9.264859,9.376810,9.264859,0.154064
1.650000,Dutch Roll,-1.444629,-9.264859,9.376810,9.264859,0.154064
1.650000,Roll,-8.957338,0.000000,8.957338,0.000000,1.000000
1.650000,Spiral,0.060649,0.000000,0.060649,0.000000,-1.000000
1.660000,Short Period,-21.779584,16.259589,27.179487,16.259589,0.801324
1.660000,Short Period,-21.779584,-16.259589,27.179487,16.259589,0.801324
1.660000,Real Mode,-0.103290,0.000000,0.103290,0.000000,1.000000
1.660000,Real Mode,-0.006751,0.000000,0.006751,0.000000,1.000000
1.660000,Dutch Roll,-1.448532,9.314316,9.426278,9.314316,0.153670
1.660000,Dutch Roll,-1.448532,-9.314316,9.426278,9.314316,0.153670
1.660000,Roll,-9.020766,0.000000,9.020766,0.000000,1.000000
1.660000,Spiral,0.060320,0.000000,0.060320,0.000000,-1.000000
1.670000,Short Period,-21.910831,16.357603,27.343293,16.357603,0.801324
1.670000,Short Period,-21.910831,-16.357603,27.343293,16.357603,0.801324
1.670000,Real Mode,-0.104368,0.000000,0.104368,0.000000,1.000000
1.670000,Real Mode,-0.006602,0.000000,0.006602,0.000000,1.000000
1.670000,Dutch Roll,-1.452474,9.363827,9.475808,9.363827,0.153282
1.670000,Dutch Roll,-1.452474,-9.363827,9.475808,9.363827,0.153282
1.670000,Roll,-9.084122,0.000000,9.084122,0.000000,1.000000
1.670000,Spiral,0.059994,0.000000,0.059994,0.000000,-1.000000
1.680000,Short Period,-22.042078,16.455618,27.507100,16.455618,0.801323
1.680000,Short Period,-22.042078,-16.455618,27.507100,16.455618,0.801323
1.680000,Real Mode,-0.105445,0.000000,0.105445,0.000000,1.000000
1.680000,Real Mode,-0.006457,0.000000,0.006457,0.000000,1.000000
1.680000,Dutch Roll,-1.456453,9.413391,9.525397,9.413391,0.152902
1.680000,Dutch Roll,-1.456453,-9.413391,9.525397,9.413391,0.152902
1.680000,Roll,-9.147407,0.000000,9.147407,0.000000,1.000000
1.680000,Spiral,0.059672,0.000000,0.059672,0.000000,-1.000000
1.690000,Short Period,-22.173325,16.553634,27.670908,16.553634,0.801323
1.690000,Short Period,-22.173325,-16.553634,27.670908,16.553634,0.801323
1.690000,Real Mode,-0.106520,0.000000,0.106520,0.000000,1.000000
1.690000,Real Mode,-0.006317,0.000000,0.006317,0.000000,1.000000
1.690000,Dutch Roll,-1.460469,9.463008,9.575045,9.463008,0.152529
1.690000,Dutch Roll,-1.460469,-9.463008,9.575045,9.463008,0.152529
1.690000,Roll,-9.210621,0.000000,9.210621,0.000000,1.000000
1.690000,Spiral,0.059353,0.000000,0.059353,0.000000,-1.000000
1.700000,Short Period,-22.304574,16.651650,27.834717,16.651650,0.801322
1.700000,Short Period,-22.304574,-16.651650,27.834717,16.651650,0.801322
1.700000,Real Mode,-0.107594,0.000000,0.107594,0.000000,1.000000
1.700000,Real Mode,-0.006181,0.000000,0.006181,0.000000,1.000000
1.700000,Dutch Roll,-1.464520,9.512676,9.624751,9.512676,0.152162
1.700000,Dutch Roll,-1.464520,-9.512676,9.624751,9.512676,0.152162
1.700000,Roll,-9.273767,0.000000,9.273767,0.000000,1.000000
1.700000,Spiral,0.059037,0.000000,0.059037,0.000000,-1.000000
1.710000,Short Period,-22.435822,16.749668,27.998527,16.749668,0.801322
1.710000,Short Period,-22.435822,-16.749668,27.998527,16.749668,0.801322
1.710000,Real Mode,-0.108668,0.000000,0.108668,0.000000,1.000000
1.710000,Real Mode,-0.006049,0.000000,0.006049,0.000000,1.000000
1.710000,Dutch Roll,-1.468608,9.562394,9.674513,9.562394,0.151802
1.710000,Dutch Roll,-1.468608,-9.562394,9.674513,9.562394,0.151802
1.710000,Roll,-9.336846,0.000000,9.336846,0.000000,1.000000
1.710000,Spiral,0.058724,0.000000,0.058724,0.000000,-1.000000
1.720000,Short Period,-22.567072,16.847686,28.162337,16.847686,0.801321
1.720000,Short Period,-22.567072,-16.847686,28.162337,16.847686,0.801321
1.720000,Real Mode,-0.109741,0.000000,0.109741,0.000000,1.000000
1.720000,Real Mode,-0.005921,0.000000,0.005921,0.000000,1.000000
1.720000,Dutch Roll,-1.472729,9.612161,9.724329,9.612161,0.151448
1.720000,Dutch Roll,-1.472729,-9.612161,9.724329,9.612161,0.151448
1.720000,Roll,-9.399860,0.000000,9.399860,0.000000,1.000000
1.720000,Spiral,0.058415,0.000000,0.058415,0.000000,-1.000000
1.730000,Short Period,-22.698322,16.945705,28.326149,16.945705,0.801320
1.730000,Short Period,-22.698322,-16.945705,28.326149,16.945705,0.801320
1.730000,Real Mode,-0.110814,0.000000,0.110814,0.000000,1.000000
1.730000,Real Mode,-0.005797,0.000000,0.005797,0.000000,1.000000
1.730000,Dutch Roll,-1.476885,9.661976,9.774199,9.661976,0.151100
1.730000,Dutch Roll,-1.476885,-9.661976,9.774199,9.661976,0.151100
1.730000,Roll,-9.462809,0.000000,9.462809,0.000000,1.000000
1.730000,Spiral,0.058108,0.000000,0.058108,0.000000,-1.000000
1.740000,Short Period,-22.829572,17.043724,28.489961,17.043724,0.801320
1.740000,Short Period,-22.829572,-17.043724,28.489961,17.043724,0.801320
1.740000,Real Mode,-0.111886,0.000000,0.111886,0.000000,1.000000
1.740000,Real Mode,-0.005676,0.000000,0.005676,0.000000,1.000000
1.740000,Dutch Roll,-1.481073,9.711838,9.824122,9.711838,0.150759
1.740000,Dutch Roll,-1.481073,-9.711838,9.824122,9.711838,0.150759
1.740000,Roll,-9.525695,0.000000,9.525695,0.000000,1.000000
1.740000,Spiral,0.057805,0.000000,0.057805,0.000000,-1.000000
1.750000,Short Period,-22.960823,17.141745,28.653775,17.141745,0.801319
1.750000,Short Period,-22.960823,-17.141745,28.653775,17.141745,0.801319
1.750000,Real Mode,-0.112958,0.000000,0.112958,0.000000,1.000000
1.750000,Real Mode,-0.005558,0.000000,0.005558,0.000000,1.000000
1.750000,Dutch Roll,-1.485294,9.761745,9.874095,9.761745,0.150423
1.750000,Dutch Roll,-1.485294,-9.761745,9.874095,9.761745,0.150423
1.750000,Roll,-9.588520,0.000000,9.588520,0.000000,1.000000
1.750000,Spiral,0.057504,0.000000,0.057504,0.000000,-1.000000
1.760000,Short Period,-23.092074,17.239766,28.817589,17.239766,0.801319
1.760000,Short Period,-23.092074,-17.239766,28.817589,17.239766,0.801319
1.760000,Real Mode,-0.114029,0.000000,0.114029,0.000000,1.000000
1.760000,Real Mode,-0.005444,0.000000,0.005444,0.000000,1.000000
1.760000,Dutch Roll,-1.489547,9.811697,9.924119,9.811697,0.150094
1.760000,Dutch Roll,-1.489547,-9.811697,9.924119,9.811697,0.150094
1.760000,Roll,-9.651284,0.000000,9.651284,0.000000,1.000000
1.760000,Spiral,0.057207,0.000000,0.057207,0.000000,-1.000000
1.770000,Short Period,-23.223326,17.337788,28.981404,17.337788,0.801318
1.770000,Short Period,-23.223326,-17.337788,28.981404,17.337788,0.801318
1.770000,Real Mode,-0.115101,0.000000,0.115101,0.000000,1.000000
1.770000,Real Mode,-0.005333,0.000000,0.005333,0.000000,1.000000
1.770000,Dutch Roll,-1.493832,9.861692,9.974192,9.861692,0.149770
1.770000,Dutch Roll,-1.493832,-9.861692,9.974192,9.861692,0.149770
1.770000,Roll,-9.713989,0.000000,9.713989,0.000000,1.000000
1.770000,Spiral,0.056912,0.000000,0.056912,0.000000,-1.000000
1.780000,Short Period,-23.354579,17.435811,29.145220,17.435811,0.801318
1.780000,Short Period,-23.354579,-17.435811,29.145220,17.435811,0.801318
1.780000,Real Mode,-0.116173,0.000000,0.116173,0.000000,1.000000
1.780000,Real Mode,-0.005225,0.000000,0.005225,0.000000,1.000000
1.780000,Dutch Roll,-1.498146,9.911731,10.024313,9.911731,0.149451
1.780000,Dutch Roll,-1.498146,-9.911731,10.024313,9.911731,0.149451
1.780000,Roll,-9.776637,0.000000,9.776637,0.000000,1.000000
1.780000,Spiral,0.056620,0.000000,0.056620,0.000000,-1.000000
1.790000,Short Period,-23.485832,17.533834,29.309037,17.533834,0.801317
1.790000,Short Period,-23.485832,-17.533834,29.309037,17.533834,0.801317
1.790000,Real Mode,-0.117246,0.000000,0.117246,0.000000,1.000000
1.790000,Real Mode,-0.005120,0.000000,0.005120,0.000000,1.000000
1.790000,Dutch Roll,-1.502491,9.961811,10.074480,9.961811,0.149138
1.790000,Dutch Roll,-1.502491,-9.961811,10.074480,9.961811,0.149138
1.790000,Roll,-9.839227,0.000000,9.839227,0.000000,1.000000
1.790000,Spiral,0.056331,0.000000,0.056331,0.000000,-1.000000
1.800000,Short Period,-23.617085,17.631858,29.472854,17.631858,0.801317
1.800000,Short Period,-23.617085,-17.631858,29.472854,17.631858,0.801317
1.800000,Real Mode,-0.118318,0.000000,0.118318,0.000000,1.000000
1.800000,Real Mode,-0.005018,0.000000,0.005018,0.000000,1.000000
1.800000,Dutch Roll,-1.506866,10.011932,10.124694,10.011932,0.148831
1.800000,Dutch Roll,-1.506866,-10.011932,10.124694,10.011932,0.148831
1.800000,Roll,-9.901762,0.000000,9.901762,0.000000,1.000000
1.800000,Spiral,0.056045,0.000000,0.056045,0.000000,-1.000000
1.810000,Short Period,-23.748339,17.729883,29.636673,17.729883,0.801316
1.810000,Short Period,-23.748339,-17.729883,29.636673,17.729883,0.801316
1.810000,Real Mode,-0.119391,0.000000,0.119391,0.000000,1.000000
1.810000,Real Mode,-0.004918,0.000000,0.004918,0.000000,1.000000
1.810000,Dutch Roll,-1.511269,10.062093,10.174952,10.062093,0.148528
1.810000,Dutch Roll,-1.511269,-10.062093,10.174952,10.062093,0.148528
1.810000,Roll,-9.964243,0.000000,9.964243,0.000000,1.000000
1.810000,Spiral,0.055762,0.000000,0.055762,0.000000,-1.000000
1.820000,Short Period,-23.879594,17.827909,29.800492,17.827909,0.801315
1.820000,Short Period,-23.879594,-17.827909,29.800492,17.827909,0.801315
1.820000,Real Mode,-0.120465,0.000000,0.120465,0.000000,1.000000
1.820000,Real Mode,-0.004821,0.000000,0.004821,0.000000,1.000000
1.820000,Dutch Roll,-1.515700,10.112294,10.225255,10.112294,0.148231
1.820000,Dutch Roll,-1.515700,-10.112294,10.225255,10.112294,0.148231
1.820000,Roll,-10.026669,0.000000,10.026669,0.000000,1.000000
1.820000,Spiral,0.055481,0.000000,0.055481,0.000000,-1.000000
1.830000,Short Period,-24.010849,17.925936,29.964313,17.925936,0.801315
1.830000,Short Period,-24.010849,-17.925936,29.964313,17.925936,0.801315
1.830000,Real Mode,-0.121539,0.000000,0.121539,0.000000,1.000000
1.830000,Real Mode,-0.004727,0.000000,0.004727,0.000000,1.000000
1.830000,Dutch Roll,-1.520160,10.162533,10.275600,10.162533,0.147939
1.830000,Dutch Roll,-1.520160,-10.162533,10.275600,10.162533,0.147939
1.830000,Roll,-10.089044,0.000000,10.089044,0.000000,1.000000
1.830000,Spiral,0.055203,0.000000,0.055203,0.000000,-1.000000
1.840000,Short Period,-24.142105,18.023963,30.128134,18.023963,0.801314
1.840000,Short Period,-24.142105,-18.023963,30.128134,18.023963,0.801314
1.840000,Real Mode,-0.122614,0.000000,0.122614,0.000000,1.000000
1.840000,Real Mode,-0.004635,0.000000,0.004635,0.000000,1.000000
1.840000,Dutch Roll,-1.524646,10.212810,10.325988,10.212810,0.147651
1.840000,Dutch Roll,-1.524646,-10.212810,10.325988,10.212810,0.147651
1.840000,Roll,-10.151367,0.000000,10.151367,0.000000,1.000000
1.840000,Spiral,0.054928,0.000000,0.054928,0.000000,-1.000000
1.850000,Short Period,-24.273361,18.121992,30.291956,18.121992,0.801314
1.850000,Short Period,-24.273361,-18.121992,30.291956,18.121992,0.801314
1.850000,Real Mode,-0.123690,0.000000,0.123690,0.000000,1.000000
1.850000,Real Mode,-0.004545,0.000000,0.004545,0.000000,1.000000
1.850000,Dutch Roll,-1.529160,10.263123,10.376417,10.263123,0.147369
1.850000,Dutch Roll,-1.529160,-10.263123,10.376417,10.263123,0.147369
1.850000,Roll,-10.213640,0.000000,10.213640,0.000000,1.000000
1.850000,Spiral,0.054655,0.000000,0.054655,0.000000,-1.000000
1.860000,Short Period,-24.404618,18.220020,30.455779,18.220020,0.801313
1.860000,Short Period,-24.404618,-18.220020,30.455779,18.220020,0.801313
1.860000,Real Mode,-0.124766,0.000000,0.124766,0.000000,1.000000
1.860000,Real Mode,-0.004458,0.000000,0.004458,0.000000,1.000000
1.860000,Dutch Roll,-1.533700,10.313473,10.426887,10.313473,0.147091
1.860000,Dutch Roll,-1.533700,-10.313473,10.426887,10.313473,0.147091
1.860000,Roll,-10.275863,0.000000,10.275863,0.000000,1.000000
1.860000,Spiral,0.054385,0.000000,0.054385,0.000000,-1.000000
1.870000,Short Period,-24.535875,18.318050,30.619603,18.318050,0.801313
1.870000,Short Period,-24.535875,-18.318050,30.619603,18.318050,0.801313
1.870000,Real Mode,-0.125844,0.000000,0.125844,0.000000,1.000000
1.870000,Real Mode,-0.004373,0.000000,0.004373,0.000000,1.000000
1.870000,Dutch Roll,-1.538265,10.363859,10.477396,10.363859,0.146818
1.870000,Dutch Roll,-1.538265,-10.363859,10.477396,10.363859,0.146818
1.870000,Roll,-10.338038,0.000000,10.338038,0.000000,1.000000
1.870000,Spiral,0.054117,0.000000,0.054117,0.000000,-1.000000
1.880000,Short Period,-24.667133,18.416081,30.783428,18.416081,0.801312
1.880000,Short Period,-24.667133,-18.416081,30.783428,18.416081,0.801312
1.880000,Real Mode,-0.126923,0.000000,0.126923,0.000000,1.000000
1.880000,Real Mode,-0.004290,0.000000,0.004290,0.000000,1.000000
1.880000,Dutch Roll,-1.542856,10.414279,10.527944,10.414279,0.146549
1.880000,Dutch Roll,-1.542856,-10.414279,10.527944,10.414279,0.146549
1.880000,Roll,-10.400165,0.000000,10.400165,0.000000,1.000000
1.880000,Spiral,0.053852,0.000000,0.053852,0.000000,-1.000000
1.890000,Short Period,-24.798391,18.514112,30.947254,18.514112,0.801312
1.890000,Short Period,-24.798391,-18.514112,30.947254,18.514112,0.801312
1.890000,Real Mode,-0.128002,0.000000,0.128002,0.000000,1.000000
1.890000,Real Mode,-0.004210,0.000000,0.004210,0.000000,1.000000
1.890000,Dutch Roll,-1.547472,10.464733,10.578530,10.464733,0.146284
1.890000,Dutch Roll,-1.547472,-10.464733,10.578530,10.464733,0.146284
1.890000,Roll,-10.462246,0.000000,10.462246,0.000000,1.000000
1.890000,Spiral,0.053589,0.000000,0.053589,0.000000,-1.000000
1.900000,Short Period,-24.929650,18.612144,31.111081,18.612144,0.801311
1.900000,Short Period,-24.929650,-18.612144,31.111081,18.612144,0.801311
1.900000,Real Mode,-0.129083,0.000000,0.129083,0.000000,1.000000
1.900000,Real Mode,-0.004131,0.000000,0.004131,0.000000,1.000000
1.900000,Dutch Roll,-1.552112,10.515220,10.629154,10.515220,0.146024
1.900000,Dutch Roll,-1.552112,-10.515220,10.629154,10.515220,0.146024
1.900000,Roll,-10.524281,0.000000,10.524281,0.000000,1.000000
1.900000,Spiral,0.053329,0.000000,0.053329,0.000000,-1.000000
1.910000,Short Period,-25.060909,18.710177,31.274908,18.710177,0.801310
1.910000,Short Period,-25.060909,-18.710177,31.274908,18.710177,0.801310
1.910000,Real Mode,-0.130166,0.000000,0.130166,0.000000,1.000000
1.910000,Real Mode,-0.004054,0.000000,0.004054,0.000000,1.000000
1.910000,Dutch Roll,-1.556776,10.565740,10.679814,10.565740,0.145768
1.910000,Dutch Roll,-1.556776,-10.565740,10.679814,10.565740,0.145768
1.910000,Roll,-10.586271,0.000000,10.586271,0.000000,1.000000
1.910000,Spiral,0.053071,0.000000,0.053071,0.000000,-1.000000
1.920000,Short Period,-25.192169,18.808210,31.438737,18.808210,0.801310
1.920000,Short Period,-25.192169,-18.808210,31.438737,18.808210,0.801310
1.920000,Real Mode,-0.131249,0.000000,0.131249,0.000000,1.000000
1.920000,Real Mode,-0.003979,0.000000,0.003979,0.000000,1.000000
1.920000,Dutch Roll,-1.561464,10.616293,10.730510,10.616293,0.145516
1.920000,Dutch Roll,-1.561464,-10.616293,10.730510,10.616293,0.145516
1.920000,Roll,-10.648217,0.000000,10.648217,0.000000,1.000000
1.920000,Spiral,0.052816,0.000000,0.052816,0.000000,-1.000000
1.930000,Short Period,-25.323430,18.906245,31.602566,18.906245,0.801309
1.930000,Short Period,-25.323430,-18.906245,31.602566,18.906245,0.801309
1.930000,Real Mode,-0.132334,0.000000,0.132334,0.000000,1.000000
1.930000,Real Mode,-0.003906,0.000000,0.003906,0.000000,1.000000
1.930000,Dutch Roll,-1.566174,10.666877,10.781241,10.666877,0.145268
1.930000,Dutch Roll,-1.566174,-10.666877,10.781241,10.666877,0.145268
1.930000,Roll,-10.710120,0.000000,10.710120,0.000000,1.000000
1.930000,Spiral,0.052563,0.000000,0.052563,0.000000,-1.000000
1.940000,Short Period,-25.454690,19.004280,31.766396,19.004280,0.801309
1.940000,Short Period,-25.454690,-19.004280,31.766396,19.004280,0.801309
1.940000,Real Mode,-0.133420,0.000000,0.133420,0.000000,1.000000
1.940000,Real Mode,-0.003835,0.000000,0.003835,0.000000,1.000000
1.940000,Dutch Roll,-1.570908,10.717491,10.832007,10.717491,0.145025
1.940000,Dutch Roll,-1.570908,-10.717491,10.832007,10.717491,0.145025
1.940000,Roll,-10.771980,0.000000,10.771980,0.000000,1.000000
1.940000,Spiral,0.052312,0.000000,0.052312,0.000000,-1.000000
1.950000,Short Period,-25.585952,19.102316,31.930227,19.102316,0.801308
1.950000,Short Period,-25.585952,-19.102316,31.930227,19.102316,0.801308
1.950000,Real Mode,-0.134508,0.000000,0.134508,0.000000,1.000000
1.950000,Real Mode,-0.003765,0.000000,0.003765,0.000000,1.000000
1.950000,Dutch Roll,-1.575664,10.768136,10.882806,10.768136,0.144785
1.950000,Dutch Roll,-1.575664,-10.768136,10.882806,10.768136,0.144785
1.950000,Roll,-10.833799,0.000000,10.833799,0.000000,1.000000
1.950000,Spiral,0.052063,0.000000,0.052063,0.000000,-1.000000
1.960000,Short Period,-25.717214,19.200353,32.094059,19.200353,0.801308
1.960000,Short Period,-25.717214,-19.200353,32.094059,19.200353,0.801308
1.960000,Real Mode,-0.135597,0.000000,0.135597,0.000000,1.000000
1.960000,Real Mode,-0.003697,0.000000,0.003697,0.000000,1.000000
1.960000,Dutch Roll,-1.580441,10.818811,10.933639,10.818811,0.144549
1.960000,Dutch Roll,-1.580441,-10.818811,10.933639,10.818811,0.144549
1.960000,Roll,-10.895577,0.000000,10.895577,0.000000,1.000000
1.960000,Spiral,0.051817,0.000000,0.051817,0.000000,-1.000000
1.970000,Short Period,-25.848477,19.298390,32.257892,19.298390,0.801307
1.970000,Short Period,-25.848477,-19.298390,32.257892,19.298390,0.801307
1.970000,Real Mode,-0.136688,0.000000,0.136688,0.000000,1.000000
1.970000,Real Mode,-0.003631,0.000000,0.003631,0.000000,1.000000
1.970000,Dutch Roll,-1.585241,10.869515,10.984504,10.869515,0.144316
1.970000,Dutch Roll,-1.585241,-10.869515,10.984504,10.869515,0.144316
1.970000,Roll,-10.957314,0.000000,10.957314,0.000000,1.000000
1.970000,Spiral,0.051573,0.000000,0.051573,0.000000,-1.000000
1.980000,Short Period,-25.979740,19.396428,32.421726,19.396428,0.801306
1.980000,Short Period,-25.979740,-19.396428,32.421726,19.396428,0.801306
1.980000,Real Mode,-0.137781,0.000000,0.137781,0.000000,1.000000
1.980000,Real Mode,-0.003566,0.000000,0.003566,0.000000,1.000000
1.980000,Dutch Roll,-1.590061,10.920247,11.035402,10.920247,0.144087
1.980000,Dutch Roll,-1.590061,-10.920247,11.035402,10.920247,0.144087
1.980000,Roll,-11.019012,0.000000,11.019012,0.000000,1.000000
1.980000,Spiral,0.051331,0.000000,0.051331,0.000000,-1.000000
1.990000,Short Period,-26.111003,19.494468,32.585561,19.494468,0.801306
1.990000,Short Period,-26.111003,-19.494468,32.585561,19.494468,0.801306
1.990000,Real Mode,-0.138875,0.000000,0.138875,0.000000,1.000000
1.990000,Real Mode,-0.003502,0.000000,0.003502,0.000000,1.000000
1.990000,Dutch Roll,-1.594902,10.971008,11.086331,10.971008,0.143862
1.990000,Dutch Roll,-1.594902,-10.971008,11.086331,10.971008,0.143862
1.990000,Roll,-11.080672,0.000000,11.080672,0.000000,1.000000
1.990000,Spiral,0.051091,0.000000,0.051091,0.000000,-1.000000
2.000000,Short Period,-26.242267,19.592507,32.749396,19.592507,0.801305
2.000000,Short Period,-26.242267,-19.592507,32.749396,19.592507,0.801305
2.000000,Real Mode,-0.139971,0.000000,0.139971,0.000000,1.000000
2.000000,Real Mode,-0.003441,0.000000,0.003441,0.000000,1.000000
2.000000,Dutch Roll,-1.599764,11.021796,11.137290,11.021796,0.143640
2.000000,Dutch Roll,-1.599764,-11.021796,11.137290,11.021796,0.143640
2.000000,Roll,-11.142293,0.000000,11.142293,0.000000,1.000000
2.000000,Spiral,0.050854,0.000000,0.050854,0.000000,-1.000000
2.010000,Short Period,-26.373532,19.690548,32.913233,19.690548,0.801305
2.010000,Short Period,-26.373532,-19.690548,32.913233,19.690548,0.801305
2.010000,Real Mode,-0.141068,0.000000,0.141068,0.000000,1.000000
2.010000,Real Mode,-0.003380,0.000000,0.003380,0.000000,1.000000
2.010000,Dutch Roll,-1.604646,11.072611,11.188280,11.072611,0.143422
2.010000,Dutch Roll,-1.604646,-11.072611,11.188280,11.072611,0.143422
2.010000,Roll,-11.203877,0.000000,11.203877,0.000000,1.000000
2.010000,Spiral,0.050618,0.000000,0.050618,0.000000,-1.000000
2.020000,Short Period,-26.504797,19.788589,33.077070,19.788589,0.801304
2.020000,Short Period,-26.504797,-19.788589,33.077070,19.788589,0.801304
2.020000,Real Mode,-0.142168,0.000000,0.142168,0.000000,1.000000
2.020000,Real Mode,-0.003321,0.000000,0.003321,0.000000,1.000000
2.020000,Dutch Roll,-1.609547,11.123453,11.239299,11.123453,0.143207
2.020000,Dutch Roll,-1.609547,-11.123453,11.239299,11.123453,0.143207
2.020000,Roll,-11.265425,0.000000,11.265425,0.000000,1.000000
2.020000,Spiral,0.050385,0.000000,0.050385,0.000000,-1.000000
2.030000,Short Period,-26.636063,19.886631,33.240908,19.886631,0.801304
2.030000,Short Period,-26.636063,-19.886631,33.240908,19.886631,0.801304
2.030000,Real Mode,-0.143269,0.000000,0.143269,0.000000,1.000000
2.030000,Real Mode,-0.003263,0.000000,0.003263,0.000000,1.000000
2.030000,Dutch Roll,-1.614468,11.174321,11.290348,11.174321,0.142995
2.030000,Dutch Roll,-1.614468,-11.174321,11.290348,11.174321,0.142995
2.030000,Roll,-11.326936,0.000000,11.326936,0.000000,1.000000
2.030000,Spiral,0.050154,0.000000,0.050154,0.000000,-1.000000
2.040000,Short Period,-26.767329,19.984674,33.404747,19.984674,0.801303
2.040000,Short Period,-26.767329,-19.984674,33.404747,19.984674,0.801303
2.040000,Real Mode,-0.144372,0.000000,0.144372,0.000000,1.000000
2.040000,Real Mode,-0.003207,0.000000,0.003207,0.000000,1.000000
2.040000,Dutch Roll,-1.619409,11.225214,11.341425,11.225214,0.142787
2.040000,Dutch Roll,-1.619409,-11.225214,11.341425,11.225214,0.142787
2.040000,Roll,-11.388412,0.000000,11.388412,0.000000,1.000000
2.040000,Spiral,0.049924,0.000000,0.049924,0.000000,-1.000000
2.050000,Short Period,-26.898596,20.082718,33.568587,20.082718,0.801303
2.050000,Short Period,-26.898596,-20.082718,33.568587,20.082718,0.801303
2.050000,Real Mode,-0.145477,0.000000,0.145477,0.000000,1.000000
2.050000,Real Mode,-0.003152,0.000000,0.003152,0.000000,1.000000
2.050000,Dutch Roll,-1.624367,11.276133,11.392530,11.276133,0.142582
2.050000,Dutch Roll,-1.624367,-11.276133,11.392530,11.276133,0.142582
2.050000,Roll,-11.449853,0.000000,11.449853,0.000000,1.000000
2.050000,Spiral,0.049697,0.000000,0.049697,0.000000,-1.000000
2.060000,Short Period,-27.029864,20.180763,33.732428,20.180763,0.801302
2.060000,Short Period,-27.029864,-20.180763,33.732428,20.180763,0.801302
2.060000,Real Mode,-0.146584,0.000000,0.146584,0.000000,1.000000
2.060000,Real Mode,-0.003098,0.000000,0.003098,0.000000,1.000000
2.060000,Dutch Roll,-1.629345,11.327077,11.443663,11.327077,0.142380
2.060000,Dutch Roll,-1.629345,-11.327077,11.443663,11.327077,0.142380
2.060000,Roll,-11.511260,0.000000,11.511260,0.000000,1.000000
2.060000,Spiral,0.049472,0.000000,0.049472,0.000000,-1.000000
2.070000,Short Period,-27.161131,20.278808,33.896270,20.278808,0.801301
2.070000,Short Period,-27.161131,-20.278808,33.896270,20.278808,0.801301
2.070000,Real Mode,-0.147693,0.000000,0.147693,0.000000,1.000000
2.070000,Real Mode,-0.003045,0.000000,0.003045,0.000000,1.000000
2.070000,Dutch Roll,-1.634340,11.378045,11.494823,11.378045,0.142181
2.070000,Dutch Roll,-1.634340,-11.378045,11.494823,11.378045,0.142181
2.070000,Roll,-11.572633,0.000000,11.572633,0.000000,1.000000
2.070000,Spiral,0.049248,0.000000,0.049248,0.000000,-1.000000
2.080000,Short Period,-27.292400,20.376854,34.060112,20.376854,0.801301
2.080000,Short Period,-27.292400,-20.376854,34.060112,20.376854,0.801301
2.080000,Real Mode,-0.148804,0.000000,0.148804,0.000000,1.000000
2.080000,Real Mode,-0.002994,0.000000,0.002994,0.000000,1.000000
2.080000,Dutch Roll,-1.639354,11.429036,11.546010,11.429036,0.141984
2.080000,Dutch Roll,-1.639354,-11.429036,11.546010,11.429036,0.141984
2.080000,Roll,-11.633973,0.000000,11.633973,0.000000,1.000000
2.080000,Spiral,0.049027,0.000000,0.049027,0.000000,-1.000000
2.090000,Short Period,-27.423669,20.474901,34.223956,20.474901,0.801300
2.090000,Short Period,-27.423669,-20.474901,34.223956,20.474901,0.801300
2.090000,Real Mode,-0.149917,0.000000,0.149917,0.000000,1.000000
2.090000,Real Mode,-0.002944,0.000000,0.002944,0.000000,1.000000
2.090000,Dutch Roll,-1.644385,11.480052,11.597223,11.480052,0.141791
2.090000,Dutch Roll,-1.644385,-11.480052,11.597223,11.480052,0.141791
2.090000,Roll,-11.695281,0.000000,11.695281,0.000000,1.000000
2.090000,Spiral,0.048808,0.000000,0.048808,0.000000,-1.000000
2.100000,Short Period,-27.554938,20.572948,34.387800,20.572948,0.801300
2.100000,Short Period,-27.554938,-20.572948,34.387800,20.572948,0.801300
2.100000,Real Mode,-0.151033,0.000000,0.151033,0.000000,1.000000
2.100000,Real Mode,-0.002894,0.000000,0.002894,0.000000,1.000000
2.100000,Dutch Roll,-1.649433,11.531090,11.648462,11.531090,0.141601
2.100000,Dutch Roll,-1.649433,-11.531090,11.648462,11.531090,0.141601
2.100000,Roll,-11.756557,0.000000,11.756557,0.000000,1.000000
2.100000,Spiral,0.048590,0.000000,0.048590,0.000000,-1.000000
2.110000,Short Period,-27.686208,20.670997,34.551646,20.670997,0.801299
2.110000,Short Period,-27.686208,-20.670997,34.551646,20.670997,0.801299
2.110000,Real Mode,-0.152150,0.000000,0.152150,0.000000,1.000000
2.110000,Real Mode,-0.002846,0.000000,0.002846,0.000000,1.000000
2.110000,Dutch Roll,-1.654498,11.582151,11.699726,11.582151,0.141413
2.110000,Dutch Roll,-1.654498,-11.582151,11.699726,11.582151,0.141413
2.110000,Roll,-11.817801,0.000000,11.817801,0.000000,1.000000
2.110000,Spiral,0.048374,0.000000,0.048374,0.000000,-1.000000
2.120000,Short Period,-27.817479,20.769046,34.715492,20.769046,0.801299
2.120000,Short Period,-27.817479,-20.769046,34.715492,20.769046,0.801299
2.120000,Real Mode,-0.153269,0.000000,0.153269,0.000000,1.000000
2.120000,Real Mode,-0.002799,0.000000,0.002799,0.000000,1.000000
2.120000,Dutch Roll,-1.659581,11.633234,11.751015,11.633234,0.141229
2.120000,Dutch Roll,-1.659581,-11.633234,11.751015,11.633234,0.141229
2.120000,Roll,-11.879015,0.000000,11.879015,0.000000,1.000000
2.120000,Spiral,0.048160,0.000000,0.048160,0.000000,-1.000000
2.130000,Short Period,-27.948750,20.867096,34.879339,20.867096,0.801298
2.130000,Short Period,-27.948750,-20.867096,34.879339,20.867096,0.801298
2.130000,Real Mode,-0.154391,0.000000,0.154391,0.000000,1.000000
2.130000,Real Mode,-0.002753,0.000000,0.002753,0.000000,1.000000
2.130000,Dutch Roll,-1.664679,11.684339,11.802328,11.684339,0.141047
2.130000,Dutch Roll,-1.664679,-11.684339,11.802328,11.684339,0.141047
2.130000,Roll,-11.940198,0.000000,11.940198,0.000000,1.000000
2.130000,Spiral,0.047948,0.000000,0.047948,0.000000,-1.000000
2.140000,Short Period,-28.080021,20.965146,35.043187,20.965146,0.801298
2.140000,Short Period,-28.080021,-20.965146,35.043187,20.965146,0.801298
2.140000,Real Mode,-0.155515,0.000000,0.155515,0.000000,1.000000
2.140000,Real Mode,-0.002708,0.000000,0.002708,0.000000,1.000000
2.140000,Dutch Roll,-1.669794,11.735466,11.853665,11.735466,0.140867
2.140000,Dutch Roll,-1.669794,-11.735466,11.853665,11.735466,0.140867
2.140000,Roll,-12.001352,0.000000,12.001352,0.000000,1.000000
2.140000,Spiral,0.047738,0.000000,0.047738,0.000000,-1.000000
2.150000,Short Period,-28.211294,21.063198,35.207036,21.063198,0.801297
2.150000,Short Period,-28.211294,-21.063198,35.207036,21.063198,0.801297
2.150000,Real Mode,-0.156641,0.000000,0.156641,0.000000,1.000000
2.150000,Real Mode,-0.002663,0.000000,0.002663,0.000000,1.000000
2.150000,Dutch Roll,-1.674925,11.786614,11.905026,11.786614,0.140691
2.150000,Dutch Roll,-1.674925,-11.786614,11.905026,11.786614,0.140691
2.150000,Roll,-12.062476,0.000000,12.062476,0.000000,1.000000
2.150000,Spiral,0.047530,0.000000,0.047530,0.000000,-1.000000
2.160000,Short Period,-28.342566,21.161250,35.370886,21.161250,0.801296
2.160000,Short Period,-28.342566,-21.161250,35.370886,21.161250,0.801296
2.160000,Real Mode,-0.157769,0.000000,0.157769,0.000000,1.000000
2.160000,Real Mode,-0.002620,0.000000,0.002620,0.000000,1.000000
2.160000,Dutch Roll,-1.680071,11.837783,11.956410,11.837783,0.140516
2.160000,Dutch Roll,-1.680071,-11.837783,11.956410,11.837783,0.140516
2.160000,Roll,-12.123571,0.000000,12.123571,0.000000,1.000000
2.160000,Spiral,0.047323,0.000000,0.047323,0.000000,-1.000000
2.170000,Short Period,-28.473839,21.259303,35.534736,21.259303,0.801296
2.170000,Short Period,-28.473839,-21.259303,35.534736,21.259303,0.801296
2.170000,Real Mode,-0.158900,0.000000,0.158900,0.000000,1.000000
2.170000,Real Mode,-0.002578,0.000000,0.002578,0.000000,1.000000
2.170000,Dutch Roll,-1.685233,11.888972,12.007817,11.888972,0.140345
2.170000,Dutch Roll,-1.685233,-11.888972,12.007817,11.888972,0.140345
2.170000,Roll,-12.184637,0.000000,12.184637,0.000000,1.000000
2.170000,Spiral,0.047118,0.000000,0.047118,0.000000,-1.000000
2.180000,Short Period,-28.605113,21.357357,35.698588,21.357357,0.801295
2.180000,Short Period,-28.605113,-21.357357,35.698588,21.357357,0.801295
2.180000,Real Mode,-0.160033,0.000000,0.160033,0.000000,1.000000
2.180000,Real Mode,-0.002536,0.000000,0.002536,0.000000,1.000000
2.180000,Dutch Roll,-1.690411,11.940182,12.059247,11.940182,0.140175
2.180000,Dutch Roll,-1.690411,-11.940182,12.059247,11.940182,0.140175
2.180000,Roll,-12.245676,0.000000,12.245676,0.000000,1.000000
2.180000,Spiral,0.046914,0.000000,0.046914,0.000000,-1.000000
2.190000,Short Period,-28.736387,21.455411,35.862440,21.455411,0.801295
2.190000,Short Period,-28.736387,-21.455411,35.862440,21.455411,0.801295
2.190000,Real Mode,-0.161168,0.000000,0.161168,0.000000,1.000000
2.190000,Real Mode,-0.002496,0.000000,0.002496,0.000000,1.000000
2.190000,Dutch Roll,-1.695603,11.991411,12.110698,11.991411,0.140009
2.190000,Dutch Roll,-1.695603,-11.991411,12.110698,11.991411,0.140009
2.190000,Roll,-12.306687,0.000000,12.306687,0.000000,1.000000
2.190000,Spiral,0.046713,0.000000,0.046713,0.000000,-1.000000
2.200000,Short Period,-28.867662,21.553467,36.026294,21.553467,0.801294
2.200000,Short Period,-28.867662,-21.553467,36.026294,21.553467,0.801294
2.200000,Real Mode,-0.162305,0.000000,0.162305,0.000000,1.000000
2.200000,Real Mode,-0.002456,0.000000,0.002456,0.000000,1.000000
2.200000,Dutch Roll,-1.700810,12.042660,12.162171,12.042660,0.139844
2.200000,Dutch Roll,-1.700810,-12.042660,12.162171,12.042660,0.139844
2.200000,Roll,-12.367672,0.000000,12.367672,0.000000,1.000000
2.200000,Spiral,0.046513,0.000000,0.046513,0.000000,-1.000000
2.210000,Short Period,-28.998937,21.651523,36.190148,21.651523,0.801294
2.210000,Short Period,-28.998937,-21.651523,36.190148,21.651523,0.801294
2.210000,Real Mode,-0.163445,0.000000,0.163445,0.000000,1.000000
2.210000,Real Mode,-0.002417,0.000000,0.002417,0.000000,1.000000
2.210000,Dutch Roll,-1.706032,12.093928,12.213666,12.093928,0.139682
2.210000,Dutch Roll,-1.706032,-12.093928,12.213666,12.093928,0.139682
2.210000,Roll,-12.428629,0.000000,12.428629,0.000000,1.000000
2.210000,Spiral,0.046315,0.000000,0.046315,0.000000,-1.000000
2.220000,Short Period,-29.130213,21.749580,36.354003,21.749580,0.801293
2.220000,Short Period,-29.130213,-21.749580,36.354003,21.749580,0.801293
2.220000,Real Mode,-0.164587,0.000000,0.164587,0.000000,1.000000
2.220000,Real Mode,-0.002379,0.000000,0.002379,0.000000,1.000000
2.220000,Dutch Roll,-1.711268,12.145215,12.265182,12.145215,0.139522
2.220000,Dutch Roll,-1.711268,-12.145215,12.265182,12.145215,0.139522
2.220000,Roll,-12.489561,0.000000,12.489561,0.000000,1.000000
2.220000,Spiral,0.046118,0.000000,0.046118,0.000000,-1.000000
2.230000,Short Period,-29.261490,21.847637,36.517859,21.847637,0.801293
2.230000,Short Period,-29.261490,-21.847637,36.517859,21.847637,0.801293
2.230000,Real Mode,-0.165732,0.000000,0.165732,0.000000,1.000000
2.230000,Real Mode,-0.002341,0.000000,0.002341,0.000000,1.000000
2.230000,Dutch Roll,-1.716518,12.196521,12.316718,12.196521,0.139365
2.230000,Dutch Roll,-1.716518,-12.196521,12.316718,12.196521,0.139365
2.230000,Roll,-12.550466,0.000000,12.550466,0.000000,1.000000
2.230000,Spiral,0.045923,0.000000,0.045923,0.000000,-1.000000
2.240000,Short Period,-29.392767,21.945696,36.681716,21.945696,0.801292
2.240000,Short Period,-29.392767,-21.945696,36.681716,21.945696,0.801292
2.240000,Real Mode,-0.166879,0.000000,0.166879,0.000000,1.000000
2.240000,Real Mode,-0.002305,0.000000,0.002305,0.000000,1.000000
2.240000,Dutch Roll,-1.721782,12.247845,12.368275,12.247845,0.139210
2.240000,Dutch Roll,-1.721782,-12.247845,12.368275,12.247845,0.139210
2.240000,Roll,-12.611346,0.000000,12.611346,0.000000,1.000000
2.240000,Spiral,0.045729,0.000000,0.045729,0.000000,-1.000000
2.250000,Short Period,-29.524044,22.043755,36.845574,22.043755,0.801291
2.250000,Short Period,-29.524044,-22.043755,36.845574,22.043755,0.801291
2.250000,Real Mode,-0.168029,0.000000,0.168029,0.000000,1.000000
2.250000,Real Mode,-0.002269,0.000000,0.002269,0.000000,1.000000
2.250000,Dutch Roll,-1.727060,12.299187,12.419852,12.299187,0.139056
2.250000,Dutch Roll,-1.727060,-12.299187,12.419852,12.299187,0.139056
2.250000,Roll,-12.672202,0.000000,12.672202,0.000000,1.000000
2.250000,Spiral,0.045537,0.000000,0.045537,0.000000,-1.000000
2.260000,Short Period,-29.655322,22.141815,37.009433,22.141815,0.801291
2.260000,Short Period,-29.655322,-22.141815,37.009433,22.141815,0.801291
2.260000,Real Mode,-0.169181,0.000000,0.169181,0.000000,1.000000
2.260000,Real Mode,-0.002234,0.000000,0.002234,0.000000,1.000000
2.260000,Dutch Roll,-1.732351,12.350546,12.471449,12.350546,0.138905
2.260000,Dutch Roll,-1.732351,-12.350546,12.471449,12.350546,0.138905
2.260000,Roll,-12.733032,0.000000,12.733032,0.000000,1.000000
2.260000,Spiral,0.045347,0.000000,0.045347,0.000000,-1.000000
2.270000,Short Period,-29.786600,22.239876,37.173292,22.239876,0.801290
2.270000,Short Period,-29.786600,-22.239876,37.173292,22.239876,0.801290
2.270000,Real Mode,-0.170335,0.000000,0.170335,0.000000,1.000000
2.270000,Real Mode,-0.002199,0.000000,0.002199,0.000000,1.000000
2.270000,Dutch Roll,-1.737656,12.401923,12.523065,12.401923,0.138756
2.270000,Dutch Roll,-1.737656,-12.401923,12.523065,12.401923,0.138756
2.270000,Roll,-12.793839,0.000000,12.793839,0.000000,1.000000
2.270000,Spiral,0.045158,0.000000,0.045158,0.000000,-1.000000
2.280000,Short Period,-29.917880,22.337937,37.337153,22.337937,0.801290
2.280000,Short Period,-29.917880,-22.337937,37.337153,22.337937,0.801290
2.280000,Real Mode,-0.171492,0.000000,0.171492,0.000000,1.000000
2.280000,Real Mode,-0.002165,0.000000,0.002165,0.000000,1.000000
2.280000,Dutch Roll,-1.742974,12.453318,12.574700,12.453318,0.138610
2.280000,Dutch Roll,-1.742974,-12.453318,12.574700,12.453318,0.138610
2.280000,Roll,-12.854621,0.000000,12.854621,0.000000,1.000000
2.280000,Spiral,0.044971,0.000000,0.044971,0.000000,-1.000000
2.290000,Short Period,-30.049159,22.436000,37.501014,22.436000,0.801289
2.290000,Short Period,-30.049159,-22.436000,37.501014,22.436000,0.801289
2.290000,Real Mode,-0.172652,0.000000,0.172652,0.000000,1.000000
2.290000,Real Mode,-0.002132,0.000000,0.002132,0.000000,1.000000
2.290000,Dutch Roll,-1.748304,12.504729,12.626354,12.504729,0.138465
2.290000,Dutch Roll,-1.748304,-12.504729,12.626354,12.504729,0.138465
2.290000,Roll,-12.915381,0.000000,12.915381,0.000000,1.000000
2.290000,Spiral,0.044785,0.000000,0.044785,0.000000,-1.000000
2.300000,Short Period,-30.180439,22.534063,37.664876,22.534063,0.801289
2.300000,Short Period,-30.180439,-22.534063,37.664876,22.534063,0.801289
2.300000,Real Mode,-0.173814,0.000000,0.173814,0.000000,1.000000
2.300000,Real Mode,-0.002100,0.000000,0.002100,0.000000,1.000000
2.300000,Dutch Roll,-1.753648,12.556157,12.678027,12.556157,0.138322
2.300000,Dutch Roll,-1.753648,-12.556157,12.678027,12.556157,0.138322
2.300000,Roll,-12.976117,0.000000,12.976117,0.000000,1.000000
2.300000,Spiral,0.044601,0.000000,0.044601,0.000000,-1.000000
2.310000,Short Period,-30.311720,22.632127,37.828739,22.632127,0.801288
2.310000,Short Period,-30.311720,-22.632127,37.828739,22.632127,0.801288
2.310000,Real Mode,-0.174979,0.000000,0.174979,0.000000,1.000000
2.310000,Real Mode,-0.002068,0.000000,0.002068,0.000000,1.000000
2.310000,Dutch Roll,-1.759004,12.607602,12.729718,12.607602,0.138181
2.310000,Dutch Roll,-1.759004,-12.607602,12.729718,12.607602,0.138181
2.310000,Roll,-13.036830,0.000000,13.036830,0.000000,1.000000
2.310000,Spiral,0.044418,0.000000,0.044418,0.000000,-1.000000
2.320000,Short Period,-30.443001,22.730191,37.992603,22.730191,0.801288
2.320000,Short Period,-30.443001,-22.730191,37.992603,22.730191,0.801288
2.320000,Real Mode,-0.176146,0.000000,0.176146,0.000000,1.000000
2.320000,Real Mode,-0.002037,0.000000,0.002037,0.000000,1.000000
2.320000,Dutch Roll,-1.764372,12.659062,12.781427,12.659062,0.138042
2.320000,Dutch Roll,-1.764372,-12.659062,12.781427,12.659062,0.138042
2.320000,Roll,-13.097521,0.000000,13.097521,0.000000,1.000000
2.320000,Spiral,0.044237,0.000000,0.044237,0.000000,-1.000000
2.330000,Short Period,-30.574283,22.828257,38.156468,22.828257,0.801287
2.330000,Short Period,-30.574283,-22.828257,38.156468,22.828257,0.801287
2.330000,Real Mode,-0.177316,0.000000,0.177316,0.000000,1.000000
2.330000,Real Mode,-0.002006,0.000000,0.002006,0.000000,1.000000
2.330000,Dutch Roll,-1.769753,12.710539,12.833153,12.710539,0.137905
2.330000,Dutch Roll,-1.769753,-12.710539,12.833153,12.710539,0.137905
2.330000,Roll,-13.158189,0.000000,13.158189,0.000000,1.000000
2.330000,Spiral,0.044057,0.000000,0.044057,0.000000,-1.000000
2.340000,Short Period,-30.705565,22.926323,38.320334,22.926323,0.801286
2.340000,Short Period,-30.705565,-22.926323,38.320334,22.926323,0.801286
2.340000,Real Mode,-0.178488,0.000000,0.178488,0.000000,1.000000
2.340000,Real Mode,-0.001976,0.000000,0.001976,0.000000,1.000000
2.340000,Dutch Roll,-1.775145,12.762031,12.884897,12.762031,0.137769
2.340000,Dutch Roll,-1.775145,-12.762031,12.884897,12.762031,0.137769
2.340000,Roll,-13.218836,0.000000,13.218836,0.000000,1.000000
2.340000,Spiral,0.043878,0.000000,0.043878,0.000000,-1.000000
2.350000,Short Period,-30.836848,23.024390,38.484201,23.024390,0.801286
2.350000,Short Period,-30.836848,-23.024390,38.484201,23.024390,0.801286
2.350000,Real Mode,-0.179663,0.000000,0.179663,0.000000,1.000000
2.350000,Real Mode,-0.001947,0.000000,0.001947,0.000000,1.000000
2.350000,Dutch Roll,-1.780550,12.813539,12.936659,12.813539,0.137636
2.350000,Dutch Roll,-1.780550,-12.813539,12.936659,12.813539,0.137636
2.350000,Roll,-13.279462,0.000000,13.279462,0.000000,1.000000
2.350000,Spiral,0.043701,0.000000,0.043701,0.000000,-1.000000
2.360000,Short Period,-30.968131,23.122458,38.648068,23.122458,0.801285
2.360000,Short Period,-30.968131,-23.122458,38.648068,23.122458,0.801285
2.360000,Real Mode,-0.180841,0.000000,0.180841,0.000000,1.000000
2.360000,Real Mode,-0.001918,0.000000,0.001918,0.000000,1.000000
2.360000,Dutch Roll,-1.785966,12.865062,12.988437,12.865062,0.137504
2.360000,Dutch Roll,-1.785966,-12.865062,12.988437,12.865062,0.137504
2.360000,Roll,-13.340066,0.000000,13.340066,0.000000,1.000000
2.360000,Spiral,0.043525,0.000000,0.043525,0.000000,-1.000000
2.370000,Short Period,-31.099415,23.220526,38.811937,23.220526,0.801285
2.370000,Short Period,-31.099415,-23.220526,38.811937,23.220526,0.801285
2.370000,Real Mode,-0.182021,0.000000,0.182021,0.000000,1.000000
2.370000,Real Mode,-0.001889,0.000000,0.001889,0.000000,1.000000
2.370000,Dutch Roll,-1.791394,12.916600,13.040232,12.916600,0.137374
2.370000,Dutch Roll,-1.791394,-12.916600,13.040232,12.916600,0.137374
2.370000,Roll,-13.400650,0.000000,13.400650,0.000000,1.000000
2.370000,Spiral,0.043351,0.000000,0.043351,0.000000,-1.000000
2.380000,Short Period,-31.230699,23.318595,38.975806,23.318595,0.801284
2.380000,Short Period,-31.230699,-23.318595,38.975806,23.318595,0.801284
2.380000,Real Mode,-0.183204,0.000000,0.183204,0.000000,1.000000
2.380000,Real Mode,-0.001861,0.000000,0.001861,0.000000,1.000000
2.380000,Dutch Roll,-1.796833,12.968153,13.092043,12.968153,0.137246
2.380000,Dutch Roll,-1.796833,-12.968153,13.092043,12.968153,0.137246
2.380000,Roll,-13.461213,0.000000,13.461213,0.000000,1.000000
2.380000,Spiral,0.043178,0.000000,0.043178,0.000000,-1.000000
2.390000,Short Period,-31.361984,23.416666,39.139676,23.416666,0.801284
2.390000,Short Period,-31.361984,-23.416666,39.139676,23.416666,0.801284
2.390000,Real Mode,-0.184389,0.000000,0.184389,0.000000,1.000000
2.390000,Real Mode,-0.001834,0.000000,0.001834,0.000000,1.000000
2.390000,Dutch Roll,-1.802283,13.019720,13.143871,13.019720,0.137120
2.390000,Dutch Roll,-1.802283,-13.019720,13.143871,13.019720,0.137120
2.390000,Roll,-13.521756,0.000000,13.521756,0.000000,1.000000
2.390000,Spiral,0.043006,0.000000,0.043006,0.000000,-1.000000
2.400000,Short Period,-31.493269,23.514736,39.303547,23.514736,0.801283
2.400000,Short Period,-31.493269,-23.514736,39.303547,23.514736,0.801283
2.400000,Real Mode,-0.185578,0.000000,0.185578,0.000000,1.000000
2.400000,Real Mode,-0.001807,0.000000,0.001807,0.000000,1.000000
2.400000,Dutch Roll,-1.807745,13.071302,13.195714,13.071302,0.136995
2.400000,Dutch Roll,-1.807745,-13.071302,13.195714,13.071302,0.136995
2.400000,Roll,-13.582279,0.000000,13.582279,0.000000,1.000000
2.400000,Spiral,0.042836,0.000000,0.042836,0.000000,-1.000000
2.410000,Short Period,-31.624555,23.612808,39.467419,23.612808,0.801283
2.410000,Short Period,-31.624555,-23.612808,39.467419,23.612808,0.801283
2.410000,Real Mode,-0.186769,0.000000,0.186769,0.000000,1.000000
2.410000,Real Mode,-0.001781,0.000000,0.001781,0.000000,1.000000
2.410000,Dutch Roll,-1.813217,13.122898,13.247573,13.122898,0.136872
2.410000,Dutch Roll,-1.813217,-13.122898,13.247573,13.122898,0.136872
2.410000,Roll,-13.642783,0.000000,13.642783,0.000000,1.000000
2.410000,Spiral,0.042667,0.000000,0.042667,0.000000,-1.000000
2.420000,Short Period,-31.755842,23.710880,39.631292,23.710880,0.801282
2.420000,Short Period,-31.755842,-23.710880,39.631292,23.710880,0.801282
2.420000,Real Mode,-0.187962,0.000000,0.187962,0.000000,1.000000
2.420000,Real Mode,-0.001755,0.000000,0.001755,0.000000,1.000000
2.420000,Dutch Roll,-1.818700,13.174508,13.299448,13.174508,0.136750
2.420000,Dutch Roll,-1.818700,-13.174508,13.299448,13.174508,0.136750
2.420000,Roll,-13.703267,0.000000,13.703267,0.000000,1.000000
2.420000,Spiral,0.042499,0.000000,0.042499,0.000000,-1.000000
2.430000,Short Period,-31.887129,23.808954,39.795166,23.808954,0.801281
2.430000,Short Period,-31.887129,-23.808954,39.795166,23.808954,0.801281
2.430000,Real Mode,-0.189158,0.000000,0.189158,0.000000,1.000000
2.430000,Real Mode,-0.001730,0.000000,0.001730,0.000000,1.000000
2.430000,Dutch Roll,-1.824194,13.226131,13.351338,13.226131,0.136630
2.430000,Dutch Roll,-1.824194,-13.226131,13.351338,13.226131,0.136630
2.430000,Roll,-13.763732,0.000000,13.763732,0.000000,1.000000
2.430000,Spiral,0.042332,0.000000,0.042332,0.000000,-1.000000
2.440000,Short Period,-32.018416,23.907028,39.959041,23.907028,0.801281
2.440000,Short Period,-32.018416,-23.907028,39.959041,23.907028,0.801281
2.440000,Real Mode,-0.190358,0.000000,0.190358,0.000000,1.000000
2.440000,Real Mode,-0.001705,0.000000,0.001705,0.000000,1.000000
2.440000,Dutch Roll,-1.829698,13.277769,13.403243,13.277769,0.136512
2.440000,Dutch Roll,-1.829698,-13.277769,13.403243,13.277769,0.136512
2.440000,Roll,-13.824178,0.000000,13.824178,0.000000,1.000000
2.440000,Spiral,0.042167,0.000000,0.042167,0.000000,-1.000000
2.450000,Short Period,-32.149704,24.005102,40.122916,24.005102,0.801280
2.450000,Short Period,-32.149704,-24.005102,40.122916,24.005102,0.801280
2.450000,Real Mode,-0.191559,0.000000,0.191559,0.000000,1.000000
2.450000,Real Mode,-0.001681,0.000000,0.001681,0.000000,1.000000
2.450000,Dutch Roll,-1.835213,13.329419,13.455163,13.329419,0.136395
2.450000,Dutch Roll,-1.835213,-13.329419,13.455163,13.329419,0.136395
2.450000,Roll,-13.884606,0.000000,13.884606,0.000000,1.000000
2.450000,Spiral,0.042003,0.000000,0.042003,0.000000,-1.000000
2.460000,Short Period,-32.280993,24.103178,40.286793,24.103178,0.801280
2.460000,Short Period,-32.280993,-24.103178,40.286793,24.103178,0.801280
2.460000,Real Mode,-0.192764,0.000000,0.192764,0.000000,1.000000
2.460000,Real Mode,-0.001657,0.000000,0.001657,0.000000,1.000000
2.460000,Dutch Roll,-1.840738,13.381083,13.507098,13.381083,0.136279
2.460000,Dutch Roll,-1.840738,-13.381083,13.507098,13.381083,0.136279
2.460000,Roll,-13.945016,0.000000,13.945016,0.000000,1.000000
2.460000,Spiral,0.041840,0.000000,0.041840,0.000000,-1.000000
2.470000,Short Period,-32.412282,24.201254,40.450670,24.201254,0.801279
2.470000,Short Period,-32.412282,-24.201254,40.450670,24.201254,0.801279
2.470000,Real Mode,-0.193971,0.000000,0.193971,0.000000,1.000000
2.470000,Real Mode,-0.001633,0.000000,0.001633,0.000000,1.000000
2.470000,Dutch Roll,-1.846273,13.432760,13.559047,13.432760,0.136165
2.470000,Dutch Roll,-1.846273,-13.432760,13.559047,13.432760,0.136165
2.470000,Roll,-14.005407,0.000000,14.005407,0.000000,1.000000
2.470000,Spiral,0.041679,0.000000,0.041679,0.000000,-1.000000
2.480000,Short Period,-32.543572,24.299331,40.614549,24.299331,0.801279
2.480000,Short Period,-32.543572,-24.299331,40.614549,24.299331,0.801279
2.480000,Real Mode,-0.195181,0.000000,0.195181,0.000000,1.000000
2.480000,Real Mode,-0.001610,0.000000,0.001610,0.000000,1.000000
2.480000,Dutch Roll,-1.851817,13.484450,13.611011,13.484450,0.136053
2.480000,Dutch Roll,-1.851817,-13.484450,13.611011,13.484450,0.136053
2.480000,Roll,-14.065781,0.000000,14.065781,0.000000,1.000000
2.480000,Spiral,0.041519,0.000000,0.041519,0.000000,-1.000000
2.490000,Short Period,-32.674862,24.397409,40.778428,24.397409,0.801278
2.490000,Short Period,-32.674862,-24.397409,40.778428,24.397409,0.801278
2.490000,Real Mode,-0.196394,0.000000,0.196394,0.000000,1.000000
2.490000,Real Mode,-0.001588,0.000000,0.001588,0.000000,1.000000
2.490000,Dutch Roll,-1.857372,13.536152,13.662988,13.536152,0.135942
2.490000,Dutch Roll,-1.857372,-13.536152,13.662988,13.536152,0.135942
2.490000,Roll,-14.126137,0.000000,14.126137,0.000000,1.000000
2.490000,Spiral,0.041359,0.000000,0.041359,0.000000,-1.000000
2.500000,Short Period,-32.806152,24.495488,40.942308,24.495488,0.801278
2.500000,Short Period,-32.806152,-24.495488,40.942308,24.495488,0.801278
2.500000,Real Mode,-0.197609,0.000000,0.197609,0.000000,1.000000
2.500000,Real Mode,-0.001565,0.000000,0.001565,0.000000,1.000000
2.500000,Dutch Roll,-1.862937,13.587867,13.714980,13.587867,0.135832
2.500000,Dutch Roll,-1.862937,-13.587867,13.714980,13.587867,0.135832
2.500000,Roll,-14.186476,0.000000,14.186476,0.000000,1.000000
2.500000,Spiral,0.041202,0.000000,0.041202,0.000000,-1.000000
